/*
Navicat MySQL Data Transfer

Source Server         : 192.168.1.131
Source Server Version : 80017
Source Host           : 192.168.1.131:3306
Source Database       : WMDB

Target Server Type    : MYSQL
Target Server Version : 80017
File Encoding         : 65001

Date: 2020-05-29 18:39:07
*/

SET FOREIGN_KEY_CHECKS=0;

-- ----------------------------
-- Table structure for r_product_tag
-- ----------------------------
DROP TABLE IF EXISTS `r_product_tag`;
CREATE TABLE `r_product_tag` (
  `ID` int(11) NOT NULL AUTO_INCREMENT,
  `ProductID` varchar(38) NOT NULL,
  `Product_TagID` int(11) NOT NULL,
  `CreateTime` datetime NOT NULL,
  PRIMARY KEY (`ID`)
) ENGINE=InnoDB DEFAULT CHARSET=utf8;

-- ----------------------------
-- Records of r_product_tag
-- ----------------------------

-- ----------------------------
-- Table structure for Sys_City
-- ----------------------------
DROP TABLE IF EXISTS `Sys_City`;
CREATE TABLE `Sys_City` (
  `ID` int(11) NOT NULL AUTO_INCREMENT,
  `ProvinceID` int(11) DEFAULT '0',
  `Code` varchar(6) NOT NULL,
  `Name` varchar(500) NOT NULL,
  `FirstChar` varchar(1) NOT NULL DEFAULT 'A',
  `IsHot` bit(1) NOT NULL DEFAULT b'0',
  `Sort` tinyint(4) NOT NULL DEFAULT '100',
  `CreateTime` datetime NOT NULL DEFAULT CURRENT_TIMESTAMP,
  PRIMARY KEY (`ID`),
  KEY `IDX_AUTOFIELD` (`ID`)
) ENGINE=InnoDB AUTO_INCREMENT=369 DEFAULT CHARSET=utf8;

-- ----------------------------
-- Records of Sys_City
-- ----------------------------
INSERT INTO `Sys_City` VALUES ('1', '1', '110000', '北京市', 'B', '', '1', '2018-03-31 17:03:20');
INSERT INTO `Sys_City` VALUES ('2', '2', '120000', '天津市', 'T', '\0', '100', '2018-03-31 17:03:20');
INSERT INTO `Sys_City` VALUES ('3', '9', '310000', '上海市', 'S', '', '2', '2018-03-31 17:03:20');
INSERT INTO `Sys_City` VALUES ('4', '22', '500000', '重庆市', 'C', '\0', '100', '2018-03-31 17:03:20');
INSERT INTO `Sys_City` VALUES ('5', '3', '130100', '石家庄市', 'S', '\0', '100', '2018-03-31 17:03:20');
INSERT INTO `Sys_City` VALUES ('6', '3', '130200', '唐山市', 'T', '\0', '100', '2018-03-31 17:03:20');
INSERT INTO `Sys_City` VALUES ('7', '3', '130300', '秦皇岛市', 'Q', '\0', '100', '2018-03-31 17:03:20');
INSERT INTO `Sys_City` VALUES ('8', '3', '130400', '邯郸市', 'H', '\0', '100', '2018-03-31 17:03:20');
INSERT INTO `Sys_City` VALUES ('9', '3', '130500', '邢台市', 'X', '\0', '100', '2018-03-31 17:03:20');
INSERT INTO `Sys_City` VALUES ('10', '3', '130600', '保定市', 'B', '\0', '100', '2018-03-31 17:03:20');
INSERT INTO `Sys_City` VALUES ('11', '3', '130700', '张家口市', 'Z', '\0', '100', '2018-03-31 17:03:20');
INSERT INTO `Sys_City` VALUES ('12', '3', '130800', '承德市', 'C', '\0', '100', '2018-03-31 17:03:20');
INSERT INTO `Sys_City` VALUES ('13', '3', '130900', '沧州市', 'C', '\0', '100', '2018-03-31 17:03:20');
INSERT INTO `Sys_City` VALUES ('14', '3', '131000', '廊坊市', 'L', '\0', '100', '2018-03-31 17:03:20');
INSERT INTO `Sys_City` VALUES ('15', '3', '131100', '衡水市', 'H', '\0', '100', '2018-03-31 17:03:20');
INSERT INTO `Sys_City` VALUES ('16', '4', '140100', '太原市', 'T', '\0', '100', '2018-03-31 17:03:20');
INSERT INTO `Sys_City` VALUES ('17', '4', '140200', '大同市', 'D', '\0', '100', '2018-03-31 17:03:20');
INSERT INTO `Sys_City` VALUES ('18', '4', '140300', '阳泉市', 'Y', '\0', '100', '2018-03-31 17:03:20');
INSERT INTO `Sys_City` VALUES ('19', '4', '140400', '长治市', 'C', '\0', '100', '2018-03-31 17:03:20');
INSERT INTO `Sys_City` VALUES ('20', '4', '140500', '晋城市', 'J', '\0', '100', '2018-03-31 17:03:20');
INSERT INTO `Sys_City` VALUES ('21', '4', '140600', '朔州市', 'S', '\0', '100', '2018-03-31 17:03:20');
INSERT INTO `Sys_City` VALUES ('22', '4', '140700', '晋中市', 'J', '\0', '100', '2018-03-31 17:03:20');
INSERT INTO `Sys_City` VALUES ('23', '4', '140800', '运城市', 'Y', '\0', '100', '2018-03-31 17:03:20');
INSERT INTO `Sys_City` VALUES ('24', '4', '140900', '忻州市', 'X', '\0', '100', '2018-03-31 17:03:20');
INSERT INTO `Sys_City` VALUES ('25', '4', '141000', '临汾市', 'L', '\0', '100', '2018-03-31 17:03:20');
INSERT INTO `Sys_City` VALUES ('26', '4', '141100', '吕梁市', 'L', '\0', '100', '2018-03-31 17:03:20');
INSERT INTO `Sys_City` VALUES ('27', '5', '150100', '呼和浩特市', 'H', '\0', '100', '2018-03-31 17:03:20');
INSERT INTO `Sys_City` VALUES ('28', '5', '150200', '包头市', 'B', '\0', '100', '2018-03-31 17:03:20');
INSERT INTO `Sys_City` VALUES ('29', '5', '150300', '乌海市', 'W', '\0', '100', '2018-03-31 17:03:20');
INSERT INTO `Sys_City` VALUES ('30', '5', '150400', '赤峰市', 'C', '\0', '100', '2018-03-31 17:03:20');
INSERT INTO `Sys_City` VALUES ('31', '5', '150500', '通辽市', 'T', '\0', '100', '2018-03-31 17:03:20');
INSERT INTO `Sys_City` VALUES ('32', '5', '150600', '鄂尔多斯市', 'E', '\0', '100', '2018-03-31 17:03:20');
INSERT INTO `Sys_City` VALUES ('33', '5', '150700', '呼伦贝尔市', 'H', '\0', '100', '2018-03-31 17:03:20');
INSERT INTO `Sys_City` VALUES ('34', '5', '150800', '巴彦淖尔市', 'B', '\0', '100', '2018-03-31 17:03:20');
INSERT INTO `Sys_City` VALUES ('35', '5', '150900', '乌兰察布市', 'W', '\0', '100', '2018-03-31 17:03:20');
INSERT INTO `Sys_City` VALUES ('36', '5', '152200', '兴安盟', 'X', '\0', '100', '2018-03-31 17:03:20');
INSERT INTO `Sys_City` VALUES ('37', '5', '152500', '锡林郭勒盟', 'X', '\0', '100', '2018-03-31 17:03:20');
INSERT INTO `Sys_City` VALUES ('38', '5', '152900', '阿拉善盟', 'A', '\0', '100', '2018-03-31 17:03:20');
INSERT INTO `Sys_City` VALUES ('39', '6', '210100', '沈阳市', 'S', '\0', '100', '2018-03-31 17:03:20');
INSERT INTO `Sys_City` VALUES ('40', '6', '210200', '大连市', 'D', '\0', '100', '2018-03-31 17:03:20');
INSERT INTO `Sys_City` VALUES ('41', '6', '210300', '鞍山市', 'A', '\0', '100', '2018-03-31 17:03:20');
INSERT INTO `Sys_City` VALUES ('42', '6', '210400', '抚顺市', 'F', '\0', '100', '2018-03-31 17:03:20');
INSERT INTO `Sys_City` VALUES ('43', '6', '210500', '本溪市', 'B', '\0', '100', '2018-03-31 17:03:20');
INSERT INTO `Sys_City` VALUES ('44', '6', '210600', '丹东市', 'D', '\0', '100', '2018-03-31 17:03:20');
INSERT INTO `Sys_City` VALUES ('45', '6', '210700', '锦州市', 'J', '\0', '100', '2018-03-31 17:03:20');
INSERT INTO `Sys_City` VALUES ('46', '6', '210800', '营口市', 'Y', '\0', '100', '2018-03-31 17:03:20');
INSERT INTO `Sys_City` VALUES ('47', '6', '210900', '阜新市', 'F', '\0', '100', '2018-03-31 17:03:20');
INSERT INTO `Sys_City` VALUES ('48', '6', '211000', '辽阳市', 'L', '\0', '100', '2018-03-31 17:03:20');
INSERT INTO `Sys_City` VALUES ('49', '6', '211100', '盘锦市', 'P', '\0', '100', '2018-03-31 17:03:20');
INSERT INTO `Sys_City` VALUES ('50', '6', '211200', '铁岭市', 'T', '\0', '100', '2018-03-31 17:03:20');
INSERT INTO `Sys_City` VALUES ('51', '6', '211300', '朝阳市', 'C', '\0', '100', '2018-03-31 17:03:20');
INSERT INTO `Sys_City` VALUES ('52', '6', '211400', '葫芦岛市', 'H', '\0', '100', '2018-03-31 17:03:20');
INSERT INTO `Sys_City` VALUES ('53', '7', '220100', '长春市', 'C', '\0', '100', '2018-03-31 17:03:20');
INSERT INTO `Sys_City` VALUES ('54', '7', '220200', '吉林市', 'J', '\0', '100', '2018-03-31 17:03:20');
INSERT INTO `Sys_City` VALUES ('55', '7', '220300', '四平市', 'S', '\0', '100', '2018-03-31 17:03:20');
INSERT INTO `Sys_City` VALUES ('56', '7', '220400', '辽源市', 'L', '\0', '100', '2018-03-31 17:03:20');
INSERT INTO `Sys_City` VALUES ('57', '7', '220500', '通化市', 'T', '\0', '100', '2018-03-31 17:03:20');
INSERT INTO `Sys_City` VALUES ('58', '7', '220600', '白山市', 'B', '\0', '100', '2018-03-31 17:03:20');
INSERT INTO `Sys_City` VALUES ('59', '7', '220700', '松原市', 'S', '\0', '100', '2018-03-31 17:03:20');
INSERT INTO `Sys_City` VALUES ('60', '7', '220800', '白城市', 'B', '\0', '100', '2018-03-31 17:03:20');
INSERT INTO `Sys_City` VALUES ('61', '7', '222400', '延边朝鲜族自治州', 'Y', '\0', '100', '2018-03-31 17:03:20');
INSERT INTO `Sys_City` VALUES ('62', '8', '230100', '哈尔滨市', 'H', '\0', '100', '2018-03-31 17:03:20');
INSERT INTO `Sys_City` VALUES ('63', '8', '230200', '齐齐哈尔市', 'Q', '\0', '100', '2018-03-31 17:03:20');
INSERT INTO `Sys_City` VALUES ('64', '8', '230300', '鸡西市', 'J', '\0', '100', '2018-03-31 17:03:20');
INSERT INTO `Sys_City` VALUES ('65', '8', '230400', '鹤岗市', 'H', '\0', '100', '2018-03-31 17:03:20');
INSERT INTO `Sys_City` VALUES ('66', '8', '230500', '双鸭山市', 'S', '\0', '100', '2018-03-31 17:03:20');
INSERT INTO `Sys_City` VALUES ('67', '8', '230600', '大庆市', 'D', '\0', '100', '2018-03-31 17:03:20');
INSERT INTO `Sys_City` VALUES ('68', '8', '230700', '伊春市', 'Y', '\0', '100', '2018-03-31 17:03:20');
INSERT INTO `Sys_City` VALUES ('69', '8', '230800', '佳木斯市', 'J', '\0', '100', '2018-03-31 17:03:20');
INSERT INTO `Sys_City` VALUES ('70', '8', '230900', '七台河市', 'Q', '\0', '100', '2018-03-31 17:03:20');
INSERT INTO `Sys_City` VALUES ('71', '8', '231000', '牡丹江市', 'M', '\0', '100', '2018-03-31 17:03:20');
INSERT INTO `Sys_City` VALUES ('72', '8', '231100', '黑河市', 'H', '\0', '100', '2018-03-31 17:03:20');
INSERT INTO `Sys_City` VALUES ('73', '8', '231200', '绥化市', 'S', '\0', '100', '2018-03-31 17:03:20');
INSERT INTO `Sys_City` VALUES ('74', '8', '232700', '大兴安岭地区', 'D', '\0', '100', '2018-03-31 17:03:20');
INSERT INTO `Sys_City` VALUES ('75', '10', '320100', '南京市', 'N', '\0', '100', '2018-03-31 17:03:20');
INSERT INTO `Sys_City` VALUES ('76', '10', '320200', '无锡市', 'W', '\0', '100', '2018-03-31 17:03:20');
INSERT INTO `Sys_City` VALUES ('77', '10', '320300', '徐州市', 'X', '\0', '100', '2018-03-31 17:03:20');
INSERT INTO `Sys_City` VALUES ('78', '10', '320400', '常州市', 'C', '\0', '100', '2018-03-31 17:03:20');
INSERT INTO `Sys_City` VALUES ('79', '10', '320500', '苏州市', 'S', '\0', '100', '2018-03-31 17:03:20');
INSERT INTO `Sys_City` VALUES ('80', '10', '320600', '南通市', 'N', '\0', '100', '2018-03-31 17:03:20');
INSERT INTO `Sys_City` VALUES ('81', '10', '320700', '连云港市', 'L', '\0', '100', '2018-03-31 17:03:20');
INSERT INTO `Sys_City` VALUES ('82', '10', '320800', '淮安市', 'H', '\0', '100', '2018-03-31 17:03:20');
INSERT INTO `Sys_City` VALUES ('83', '10', '320900', '盐城市', 'Y', '\0', '100', '2018-03-31 17:03:20');
INSERT INTO `Sys_City` VALUES ('84', '10', '321000', '扬州市', 'Y', '\0', '100', '2018-03-31 17:03:20');
INSERT INTO `Sys_City` VALUES ('85', '10', '321100', '镇江市', 'Z', '\0', '100', '2018-03-31 17:03:20');
INSERT INTO `Sys_City` VALUES ('86', '10', '321200', '泰州市', 'T', '\0', '100', '2018-03-31 17:03:20');
INSERT INTO `Sys_City` VALUES ('87', '10', '321300', '宿迁市', 'S', '\0', '100', '2018-03-31 17:03:20');
INSERT INTO `Sys_City` VALUES ('88', '11', '330100', '杭州市', 'H', '\0', '100', '2018-03-31 17:03:20');
INSERT INTO `Sys_City` VALUES ('89', '11', '330200', '宁波市', 'N', '\0', '100', '2018-03-31 17:03:20');
INSERT INTO `Sys_City` VALUES ('90', '11', '330300', '温州市', 'W', '\0', '100', '2018-03-31 17:03:20');
INSERT INTO `Sys_City` VALUES ('91', '11', '330400', '嘉兴市', 'J', '\0', '100', '2018-03-31 17:03:20');
INSERT INTO `Sys_City` VALUES ('92', '11', '330500', '湖州市', 'H', '\0', '100', '2018-03-31 17:03:20');
INSERT INTO `Sys_City` VALUES ('93', '11', '330600', '绍兴市', 'S', '\0', '100', '2018-03-31 17:03:20');
INSERT INTO `Sys_City` VALUES ('94', '11', '330700', '金华市', 'J', '\0', '100', '2018-03-31 17:03:20');
INSERT INTO `Sys_City` VALUES ('95', '11', '330800', '衢州市', 'Q', '\0', '100', '2018-03-31 17:03:20');
INSERT INTO `Sys_City` VALUES ('96', '11', '330900', '舟山市', 'Z', '\0', '100', '2018-03-31 17:03:20');
INSERT INTO `Sys_City` VALUES ('97', '11', '331000', '台州市', 'T', '\0', '100', '2018-03-31 17:03:20');
INSERT INTO `Sys_City` VALUES ('98', '11', '331100', '丽水市', 'L', '\0', '100', '2018-03-31 17:03:20');
INSERT INTO `Sys_City` VALUES ('99', '12', '340100', '合肥市', 'H', '\0', '100', '2018-03-31 17:03:20');
INSERT INTO `Sys_City` VALUES ('100', '12', '340200', '芜湖市', 'W', '\0', '100', '2018-03-31 17:03:20');
INSERT INTO `Sys_City` VALUES ('101', '12', '340300', '蚌埠市', 'B', '\0', '100', '2018-03-31 17:03:20');
INSERT INTO `Sys_City` VALUES ('102', '12', '340400', '淮南市', 'H', '\0', '100', '2018-03-31 17:03:20');
INSERT INTO `Sys_City` VALUES ('103', '12', '340500', '马鞍山市', 'M', '\0', '100', '2018-03-31 17:03:20');
INSERT INTO `Sys_City` VALUES ('104', '12', '340600', '淮北市', 'H', '\0', '100', '2018-03-31 17:03:20');
INSERT INTO `Sys_City` VALUES ('105', '12', '340700', '铜陵市', 'T', '\0', '100', '2018-03-31 17:03:20');
INSERT INTO `Sys_City` VALUES ('106', '12', '340800', '安庆市', 'A', '\0', '100', '2018-03-31 17:03:20');
INSERT INTO `Sys_City` VALUES ('107', '12', '341000', '黄山市', 'H', '\0', '100', '2018-03-31 17:03:20');
INSERT INTO `Sys_City` VALUES ('108', '12', '341100', '滁州市', 'C', '\0', '100', '2018-03-31 17:03:20');
INSERT INTO `Sys_City` VALUES ('109', '12', '341200', '阜阳市', 'F', '\0', '100', '2018-03-31 17:03:20');
INSERT INTO `Sys_City` VALUES ('110', '12', '341300', '宿州市', 'S', '\0', '100', '2018-03-31 17:03:20');
INSERT INTO `Sys_City` VALUES ('111', '12', '341500', '六安市', 'L', '\0', '100', '2018-03-31 17:03:20');
INSERT INTO `Sys_City` VALUES ('112', '12', '341600', '亳州市', 'B', '\0', '100', '2018-03-31 17:03:20');
INSERT INTO `Sys_City` VALUES ('113', '12', '341700', '池州市', 'C', '\0', '100', '2018-03-31 17:03:20');
INSERT INTO `Sys_City` VALUES ('114', '12', '341800', '宣城市', 'X', '\0', '100', '2018-03-31 17:03:20');
INSERT INTO `Sys_City` VALUES ('115', '13', '350100', '福州市', 'F', '\0', '100', '2018-03-31 17:03:20');
INSERT INTO `Sys_City` VALUES ('116', '13', '350200', '厦门市', 'X', '\0', '100', '2018-03-31 17:03:20');
INSERT INTO `Sys_City` VALUES ('117', '13', '350300', '莆田市', 'P', '\0', '100', '2018-03-31 17:03:20');
INSERT INTO `Sys_City` VALUES ('118', '13', '350400', '三明市', 'S', '\0', '100', '2018-03-31 17:03:20');
INSERT INTO `Sys_City` VALUES ('119', '13', '350500', '泉州市', 'Q', '\0', '100', '2018-03-31 17:03:20');
INSERT INTO `Sys_City` VALUES ('120', '13', '350600', '漳州市', 'Z', '\0', '100', '2018-03-31 17:03:20');
INSERT INTO `Sys_City` VALUES ('121', '13', '350700', '南平市', 'N', '\0', '100', '2018-03-31 17:03:20');
INSERT INTO `Sys_City` VALUES ('122', '13', '350800', '龙岩市', 'L', '\0', '100', '2018-03-31 17:03:20');
INSERT INTO `Sys_City` VALUES ('123', '13', '350900', '宁德市', 'N', '\0', '100', '2018-03-31 17:03:20');
INSERT INTO `Sys_City` VALUES ('124', '14', '360100', '南昌市', 'N', '\0', '100', '2018-03-31 17:03:20');
INSERT INTO `Sys_City` VALUES ('125', '14', '360200', '景德镇市', 'J', '\0', '100', '2018-03-31 17:03:20');
INSERT INTO `Sys_City` VALUES ('126', '14', '360300', '萍乡市', 'P', '\0', '100', '2018-03-31 17:03:20');
INSERT INTO `Sys_City` VALUES ('127', '14', '360400', '九江市', 'J', '\0', '100', '2018-03-31 17:03:20');
INSERT INTO `Sys_City` VALUES ('128', '14', '360500', '新余市', 'X', '\0', '100', '2018-03-31 17:03:20');
INSERT INTO `Sys_City` VALUES ('129', '14', '360600', '鹰潭市', 'Y', '\0', '100', '2018-03-31 17:03:20');
INSERT INTO `Sys_City` VALUES ('130', '14', '360700', '赣州市', 'G', '\0', '100', '2018-03-31 17:03:20');
INSERT INTO `Sys_City` VALUES ('131', '14', '360800', '吉安市', 'J', '\0', '100', '2018-03-31 17:03:20');
INSERT INTO `Sys_City` VALUES ('132', '14', '360900', '宜春市', 'Y', '\0', '100', '2018-03-31 17:03:20');
INSERT INTO `Sys_City` VALUES ('133', '14', '361000', '抚州市', 'F', '\0', '100', '2018-03-31 17:03:20');
INSERT INTO `Sys_City` VALUES ('134', '14', '361100', '上饶市', 'S', '\0', '100', '2018-03-31 17:03:20');
INSERT INTO `Sys_City` VALUES ('135', '15', '370100', '济南市', 'J', '\0', '100', '2018-03-31 17:03:20');
INSERT INTO `Sys_City` VALUES ('136', '15', '370200', '青岛市', 'Q', '\0', '100', '2018-03-31 17:03:20');
INSERT INTO `Sys_City` VALUES ('137', '15', '370300', '淄博市', 'Z', '\0', '100', '2018-03-31 17:03:20');
INSERT INTO `Sys_City` VALUES ('138', '15', '370400', '枣庄市', 'Z', '\0', '100', '2018-03-31 17:03:20');
INSERT INTO `Sys_City` VALUES ('139', '15', '370500', '东营市', 'D', '\0', '100', '2018-03-31 17:03:20');
INSERT INTO `Sys_City` VALUES ('140', '15', '370600', '烟台市', 'Y', '\0', '100', '2018-03-31 17:03:20');
INSERT INTO `Sys_City` VALUES ('141', '15', '370700', '潍坊市', 'W', '\0', '100', '2018-03-31 17:03:20');
INSERT INTO `Sys_City` VALUES ('142', '15', '370800', '济宁市', 'J', '\0', '100', '2018-03-31 17:03:20');
INSERT INTO `Sys_City` VALUES ('143', '15', '370900', '泰安市', 'T', '\0', '100', '2018-03-31 17:03:20');
INSERT INTO `Sys_City` VALUES ('144', '15', '371000', '威海市', 'W', '\0', '100', '2018-03-31 17:03:20');
INSERT INTO `Sys_City` VALUES ('145', '15', '371100', '日照市', 'R', '\0', '100', '2018-03-31 17:03:20');
INSERT INTO `Sys_City` VALUES ('146', '15', '371200', '莱芜市', 'L', '\0', '100', '2018-03-31 17:03:20');
INSERT INTO `Sys_City` VALUES ('147', '15', '371300', '临沂市', 'L', '\0', '100', '2018-03-31 17:03:20');
INSERT INTO `Sys_City` VALUES ('148', '15', '371400', '德州市', 'D', '\0', '100', '2018-03-31 17:03:20');
INSERT INTO `Sys_City` VALUES ('149', '15', '371500', '聊城市', 'L', '\0', '100', '2018-03-31 17:03:20');
INSERT INTO `Sys_City` VALUES ('150', '15', '371600', '滨州市', 'B', '\0', '100', '2018-03-31 17:03:20');
INSERT INTO `Sys_City` VALUES ('151', '15', '371700', '菏泽市', 'H', '\0', '100', '2018-03-31 17:03:20');
INSERT INTO `Sys_City` VALUES ('152', '16', '410100', '郑州市', 'Z', '\0', '100', '2018-03-31 17:03:20');
INSERT INTO `Sys_City` VALUES ('153', '16', '410200', '开封市', 'K', '\0', '100', '2018-03-31 17:03:20');
INSERT INTO `Sys_City` VALUES ('154', '16', '410300', '洛阳市', 'L', '\0', '100', '2018-03-31 17:03:20');
INSERT INTO `Sys_City` VALUES ('155', '16', '410400', '平顶山市', 'P', '\0', '100', '2018-03-31 17:03:20');
INSERT INTO `Sys_City` VALUES ('156', '16', '410500', '安阳市', 'A', '\0', '100', '2018-03-31 17:03:20');
INSERT INTO `Sys_City` VALUES ('157', '16', '410600', '鹤壁市', 'H', '\0', '100', '2018-03-31 17:03:20');
INSERT INTO `Sys_City` VALUES ('158', '16', '410700', '新乡市', 'X', '\0', '100', '2018-03-31 17:03:20');
INSERT INTO `Sys_City` VALUES ('159', '16', '410800', '焦作市', 'J', '\0', '100', '2018-03-31 17:03:20');
INSERT INTO `Sys_City` VALUES ('160', '16', '410900', '濮阳市', 'P', '\0', '100', '2018-03-31 17:03:20');
INSERT INTO `Sys_City` VALUES ('161', '16', '411000', '许昌市', 'X', '\0', '100', '2018-03-31 17:03:20');
INSERT INTO `Sys_City` VALUES ('162', '16', '411100', '漯河市', 'L', '\0', '100', '2018-03-31 17:03:20');
INSERT INTO `Sys_City` VALUES ('163', '16', '411200', '三门峡市', 'S', '\0', '100', '2018-03-31 17:03:20');
INSERT INTO `Sys_City` VALUES ('164', '16', '411300', '南阳市', 'N', '\0', '100', '2018-03-31 17:03:20');
INSERT INTO `Sys_City` VALUES ('165', '16', '411400', '商丘市', 'S', '\0', '100', '2018-03-31 17:03:20');
INSERT INTO `Sys_City` VALUES ('166', '16', '411500', '信阳市', 'X', '\0', '100', '2018-03-31 17:03:20');
INSERT INTO `Sys_City` VALUES ('167', '16', '411600', '周口市', 'Z', '\0', '100', '2018-03-31 17:03:20');
INSERT INTO `Sys_City` VALUES ('168', '16', '411700', '驻马店市', 'Z', '\0', '100', '2018-03-31 17:03:20');
INSERT INTO `Sys_City` VALUES ('169', '16', '419001', '济源市', 'J', '\0', '100', '2018-03-31 17:03:20');
INSERT INTO `Sys_City` VALUES ('170', '17', '420100', '武汉市', 'W', '\0', '100', '2018-03-31 17:03:20');
INSERT INTO `Sys_City` VALUES ('171', '17', '420200', '黄石市', 'H', '\0', '100', '2018-03-31 17:03:20');
INSERT INTO `Sys_City` VALUES ('172', '17', '420300', '十堰市', 'S', '\0', '100', '2018-03-31 17:03:20');
INSERT INTO `Sys_City` VALUES ('173', '17', '420500', '宜昌市', 'Y', '\0', '100', '2018-03-31 17:03:20');
INSERT INTO `Sys_City` VALUES ('174', '17', '420600', '襄阳市', 'X', '\0', '100', '2018-03-31 17:03:20');
INSERT INTO `Sys_City` VALUES ('175', '17', '420700', '鄂州市', 'E', '\0', '100', '2018-03-31 17:03:20');
INSERT INTO `Sys_City` VALUES ('176', '17', '420800', '荆门市', 'J', '\0', '100', '2018-03-31 17:03:20');
INSERT INTO `Sys_City` VALUES ('177', '17', '420900', '孝感市', 'X', '\0', '100', '2018-03-31 17:03:20');
INSERT INTO `Sys_City` VALUES ('178', '17', '421000', '荆州市', 'J', '\0', '100', '2018-03-31 17:03:20');
INSERT INTO `Sys_City` VALUES ('179', '17', '421100', '黄冈市', 'H', '\0', '100', '2018-03-31 17:03:20');
INSERT INTO `Sys_City` VALUES ('180', '17', '421200', '咸宁市', 'X', '\0', '100', '2018-03-31 17:03:20');
INSERT INTO `Sys_City` VALUES ('181', '17', '421300', '随州市', 'S', '\0', '100', '2018-03-31 17:03:20');
INSERT INTO `Sys_City` VALUES ('182', '17', '422800', '恩施土家族苗族自治州', 'E', '\0', '100', '2018-03-31 17:03:20');
INSERT INTO `Sys_City` VALUES ('183', '17', '429004', '仙桃市', 'X', '\0', '100', '2018-03-31 17:03:20');
INSERT INTO `Sys_City` VALUES ('184', '17', '429005', '潜江市', 'Q', '\0', '100', '2018-03-31 17:03:20');
INSERT INTO `Sys_City` VALUES ('185', '17', '429006', '天门市', 'T', '\0', '100', '2018-03-31 17:03:20');
INSERT INTO `Sys_City` VALUES ('186', '17', '429021', '神农架林区', 'S', '\0', '100', '2018-03-31 17:03:20');
INSERT INTO `Sys_City` VALUES ('187', '18', '430100', '长沙市', 'C', '\0', '100', '2018-03-31 17:03:20');
INSERT INTO `Sys_City` VALUES ('188', '18', '430200', '株洲市', 'Z', '\0', '100', '2018-03-31 17:03:20');
INSERT INTO `Sys_City` VALUES ('189', '18', '430300', '湘潭市', 'X', '\0', '100', '2018-03-31 17:03:20');
INSERT INTO `Sys_City` VALUES ('190', '18', '430400', '衡阳市', 'H', '\0', '100', '2018-03-31 17:03:20');
INSERT INTO `Sys_City` VALUES ('191', '18', '430500', '邵阳市', 'S', '\0', '100', '2018-03-31 17:03:20');
INSERT INTO `Sys_City` VALUES ('192', '18', '430600', '岳阳市', 'Y', '\0', '100', '2018-03-31 17:03:20');
INSERT INTO `Sys_City` VALUES ('193', '18', '430700', '常德市', 'C', '\0', '100', '2018-03-31 17:03:20');
INSERT INTO `Sys_City` VALUES ('194', '18', '430800', '张家界市', 'Z', '\0', '100', '2018-03-31 17:03:20');
INSERT INTO `Sys_City` VALUES ('195', '18', '430900', '益阳市', 'Y', '\0', '100', '2018-03-31 17:03:20');
INSERT INTO `Sys_City` VALUES ('196', '18', '431000', '郴州市', 'C', '\0', '100', '2018-03-31 17:03:20');
INSERT INTO `Sys_City` VALUES ('197', '18', '431100', '永州市', 'Y', '\0', '100', '2018-03-31 17:03:20');
INSERT INTO `Sys_City` VALUES ('198', '18', '431200', '怀化市', 'H', '\0', '100', '2018-03-31 17:03:20');
INSERT INTO `Sys_City` VALUES ('199', '18', '431300', '娄底市', 'L', '\0', '100', '2018-03-31 17:03:20');
INSERT INTO `Sys_City` VALUES ('200', '18', '433100', '湘西土家族苗族自治州', 'X', '\0', '100', '2018-03-31 17:03:20');
INSERT INTO `Sys_City` VALUES ('201', '19', '440100', '广州市', 'G', '', '3', '2018-03-31 17:03:20');
INSERT INTO `Sys_City` VALUES ('202', '19', '440200', '韶关市', 'S', '\0', '100', '2018-03-31 17:03:20');
INSERT INTO `Sys_City` VALUES ('203', '19', '440300', '深圳市', 'S', '', '4', '2018-03-31 17:03:20');
INSERT INTO `Sys_City` VALUES ('204', '19', '440400', '珠海市', 'Z', '\0', '100', '2018-03-31 17:03:20');
INSERT INTO `Sys_City` VALUES ('205', '19', '440500', '汕头市', 'S', '\0', '100', '2018-03-31 17:03:20');
INSERT INTO `Sys_City` VALUES ('206', '19', '440600', '佛山市', 'F', '\0', '100', '2018-03-31 17:03:20');
INSERT INTO `Sys_City` VALUES ('207', '19', '440700', '江门市', 'J', '\0', '100', '2018-03-31 17:03:20');
INSERT INTO `Sys_City` VALUES ('208', '19', '440800', '湛江市', 'Z', '\0', '100', '2018-03-31 17:03:20');
INSERT INTO `Sys_City` VALUES ('209', '19', '440900', '茂名市', 'M', '\0', '100', '2018-03-31 17:03:20');
INSERT INTO `Sys_City` VALUES ('210', '19', '441200', '肇庆市', 'Z', '\0', '100', '2018-03-31 17:03:20');
INSERT INTO `Sys_City` VALUES ('211', '19', '441300', '惠州市', 'H', '\0', '100', '2018-03-31 17:03:20');
INSERT INTO `Sys_City` VALUES ('212', '19', '441400', '梅州市', 'M', '\0', '100', '2018-03-31 17:03:20');
INSERT INTO `Sys_City` VALUES ('213', '19', '441500', '汕尾市', 'S', '\0', '100', '2018-03-31 17:03:20');
INSERT INTO `Sys_City` VALUES ('214', '19', '441600', '河源市', 'H', '\0', '100', '2018-03-31 17:03:20');
INSERT INTO `Sys_City` VALUES ('215', '19', '441700', '阳江市', 'Y', '\0', '100', '2018-03-31 17:03:20');
INSERT INTO `Sys_City` VALUES ('216', '19', '441800', '清远市', 'Q', '\0', '100', '2018-03-31 17:03:20');
INSERT INTO `Sys_City` VALUES ('217', '19', '441900', '东莞市', 'D', '\0', '100', '2018-03-31 17:03:20');
INSERT INTO `Sys_City` VALUES ('218', '19', '442000', '中山市', 'Z', '\0', '100', '2018-03-31 17:03:20');
INSERT INTO `Sys_City` VALUES ('219', '19', '445100', '潮州市', 'C', '\0', '100', '2018-03-31 17:03:20');
INSERT INTO `Sys_City` VALUES ('220', '19', '445200', '揭阳市', 'J', '\0', '100', '2018-03-31 17:03:20');
INSERT INTO `Sys_City` VALUES ('221', '19', '445300', '云浮市', 'Y', '\0', '100', '2018-03-31 17:03:20');
INSERT INTO `Sys_City` VALUES ('222', '20', '450100', '南宁市', 'N', '\0', '100', '2018-03-31 17:03:20');
INSERT INTO `Sys_City` VALUES ('223', '20', '450200', '柳州市', 'L', '\0', '100', '2018-03-31 17:03:20');
INSERT INTO `Sys_City` VALUES ('224', '20', '450300', '桂林市', 'G', '\0', '100', '2018-03-31 17:03:20');
INSERT INTO `Sys_City` VALUES ('225', '20', '450400', '梧州市', 'W', '\0', '100', '2018-03-31 17:03:20');
INSERT INTO `Sys_City` VALUES ('226', '20', '450500', '北海市', 'B', '\0', '100', '2018-03-31 17:03:20');
INSERT INTO `Sys_City` VALUES ('227', '20', '450600', '防城港市', 'F', '\0', '100', '2018-03-31 17:03:20');
INSERT INTO `Sys_City` VALUES ('228', '20', '450700', '钦州市', 'Q', '\0', '100', '2018-03-31 17:03:20');
INSERT INTO `Sys_City` VALUES ('229', '20', '450800', '贵港市', 'G', '\0', '100', '2018-03-31 17:03:20');
INSERT INTO `Sys_City` VALUES ('230', '20', '450900', '玉林市', 'Y', '\0', '100', '2018-03-31 17:03:20');
INSERT INTO `Sys_City` VALUES ('231', '20', '451000', '百色市', 'B', '\0', '100', '2018-03-31 17:03:20');
INSERT INTO `Sys_City` VALUES ('232', '20', '451100', '贺州市', 'H', '\0', '100', '2018-03-31 17:03:20');
INSERT INTO `Sys_City` VALUES ('233', '20', '451200', '河池市', 'H', '\0', '100', '2018-03-31 17:03:20');
INSERT INTO `Sys_City` VALUES ('234', '20', '451300', '来宾市', 'L', '\0', '100', '2018-03-31 17:03:20');
INSERT INTO `Sys_City` VALUES ('235', '20', '451400', '崇左市', 'C', '\0', '100', '2018-03-31 17:03:20');
INSERT INTO `Sys_City` VALUES ('236', '21', '460100', '海口市', 'H', '\0', '100', '2018-03-31 17:03:20');
INSERT INTO `Sys_City` VALUES ('237', '21', '460200', '三亚市', 'S', '\0', '100', '2018-03-31 17:03:20');
INSERT INTO `Sys_City` VALUES ('238', '21', '460300', '三沙市', 'S', '\0', '100', '2018-03-31 17:03:20');
INSERT INTO `Sys_City` VALUES ('239', '21', '460400', '儋州市', 'D', '\0', '100', '2018-03-31 17:03:20');
INSERT INTO `Sys_City` VALUES ('240', '21', '469001', '五指山市', 'W', '\0', '100', '2018-03-31 17:03:20');
INSERT INTO `Sys_City` VALUES ('241', '21', '469002', '琼海市', 'Q', '\0', '100', '2018-03-31 17:03:20');
INSERT INTO `Sys_City` VALUES ('242', '21', '469005', '文昌市', 'W', '\0', '100', '2018-03-31 17:03:20');
INSERT INTO `Sys_City` VALUES ('243', '21', '469006', '万宁市', 'W', '\0', '100', '2018-03-31 17:03:20');
INSERT INTO `Sys_City` VALUES ('244', '21', '469007', '东方市', 'D', '\0', '100', '2018-03-31 17:03:20');
INSERT INTO `Sys_City` VALUES ('245', '21', '469021', '定安县', 'D', '\0', '100', '2018-03-31 17:03:20');
INSERT INTO `Sys_City` VALUES ('246', '21', '469022', '屯昌县', 'T', '\0', '100', '2018-03-31 17:03:20');
INSERT INTO `Sys_City` VALUES ('247', '21', '469023', '澄迈县', 'C', '\0', '100', '2018-03-31 17:03:20');
INSERT INTO `Sys_City` VALUES ('248', '21', '469024', '临高县', 'L', '\0', '100', '2018-03-31 17:03:20');
INSERT INTO `Sys_City` VALUES ('249', '21', '469025', '白沙黎族自治县', 'B', '\0', '100', '2018-03-31 17:03:20');
INSERT INTO `Sys_City` VALUES ('250', '21', '469026', '昌江黎族自治县', 'C', '\0', '100', '2018-03-31 17:03:20');
INSERT INTO `Sys_City` VALUES ('251', '21', '469027', '乐东黎族自治县', 'L', '\0', '100', '2018-03-31 17:03:20');
INSERT INTO `Sys_City` VALUES ('252', '21', '469028', '陵水黎族自治县', 'L', '\0', '100', '2018-03-31 17:03:20');
INSERT INTO `Sys_City` VALUES ('253', '21', '469029', '保亭黎族苗族自治县', 'B', '\0', '100', '2018-03-31 17:03:20');
INSERT INTO `Sys_City` VALUES ('254', '21', '469030', '琼中黎族苗族自治县', 'Q', '\0', '100', '2018-03-31 17:03:20');
INSERT INTO `Sys_City` VALUES ('255', '23', '510100', '成都市', 'C', '\0', '100', '2018-03-31 17:03:20');
INSERT INTO `Sys_City` VALUES ('256', '23', '510300', '自贡市', 'Z', '\0', '100', '2018-03-31 17:03:20');
INSERT INTO `Sys_City` VALUES ('257', '23', '510400', '攀枝花市', 'P', '\0', '100', '2018-03-31 17:03:20');
INSERT INTO `Sys_City` VALUES ('258', '23', '510500', '泸州市', 'L', '\0', '100', '2018-03-31 17:03:20');
INSERT INTO `Sys_City` VALUES ('259', '23', '510600', '德阳市', 'D', '\0', '100', '2018-03-31 17:03:20');
INSERT INTO `Sys_City` VALUES ('260', '23', '510700', '绵阳市', 'M', '\0', '100', '2018-03-31 17:03:20');
INSERT INTO `Sys_City` VALUES ('261', '23', '510800', '广元市', 'G', '\0', '100', '2018-03-31 17:03:20');
INSERT INTO `Sys_City` VALUES ('262', '23', '510900', '遂宁市', 'S', '\0', '100', '2018-03-31 17:03:20');
INSERT INTO `Sys_City` VALUES ('263', '23', '511000', '内江市', 'N', '\0', '100', '2018-03-31 17:03:20');
INSERT INTO `Sys_City` VALUES ('264', '23', '511100', '乐山市', 'L', '\0', '100', '2018-03-31 17:03:20');
INSERT INTO `Sys_City` VALUES ('265', '23', '511300', '南充市', 'N', '\0', '100', '2018-03-31 17:03:20');
INSERT INTO `Sys_City` VALUES ('266', '23', '511400', '眉山市', 'M', '\0', '100', '2018-03-31 17:03:20');
INSERT INTO `Sys_City` VALUES ('267', '23', '511500', '宜宾市', 'Y', '\0', '100', '2018-03-31 17:03:20');
INSERT INTO `Sys_City` VALUES ('268', '23', '511600', '广安市', 'G', '\0', '100', '2018-03-31 17:03:20');
INSERT INTO `Sys_City` VALUES ('269', '23', '511700', '达州市', 'D', '\0', '100', '2018-03-31 17:03:20');
INSERT INTO `Sys_City` VALUES ('270', '23', '511800', '雅安市', 'Y', '\0', '100', '2018-03-31 17:03:20');
INSERT INTO `Sys_City` VALUES ('271', '23', '511900', '巴中市', 'B', '\0', '100', '2018-03-31 17:03:20');
INSERT INTO `Sys_City` VALUES ('272', '23', '512000', '资阳市', 'Z', '\0', '100', '2018-03-31 17:03:20');
INSERT INTO `Sys_City` VALUES ('273', '23', '513200', '阿坝藏族羌族自治州', 'A', '\0', '100', '2018-03-31 17:03:20');
INSERT INTO `Sys_City` VALUES ('274', '23', '513300', '甘孜藏族自治州', 'G', '\0', '100', '2018-03-31 17:03:20');
INSERT INTO `Sys_City` VALUES ('275', '23', '513400', '凉山彝族自治州', 'L', '\0', '100', '2018-03-31 17:03:20');
INSERT INTO `Sys_City` VALUES ('276', '24', '520100', '贵阳市', 'G', '\0', '100', '2018-03-31 17:03:20');
INSERT INTO `Sys_City` VALUES ('277', '24', '520200', '六盘水市', 'L', '\0', '100', '2018-03-31 17:03:20');
INSERT INTO `Sys_City` VALUES ('278', '24', '520300', '遵义市', 'Z', '\0', '100', '2018-03-31 17:03:20');
INSERT INTO `Sys_City` VALUES ('279', '24', '520400', '安顺市', 'A', '\0', '100', '2018-03-31 17:03:20');
INSERT INTO `Sys_City` VALUES ('280', '24', '520500', '毕节市', 'B', '\0', '100', '2018-03-31 17:03:20');
INSERT INTO `Sys_City` VALUES ('281', '24', '520600', '铜仁市', 'T', '\0', '100', '2018-03-31 17:03:20');
INSERT INTO `Sys_City` VALUES ('282', '24', '522300', '黔西南布依族苗族自治州', 'Q', '\0', '100', '2018-03-31 17:03:20');
INSERT INTO `Sys_City` VALUES ('283', '24', '522600', '黔东南苗族侗族自治州', 'Q', '\0', '100', '2018-03-31 17:03:20');
INSERT INTO `Sys_City` VALUES ('284', '24', '522700', '黔南布依族苗族自治州', 'Q', '\0', '100', '2018-03-31 17:03:20');
INSERT INTO `Sys_City` VALUES ('285', '25', '530100', '昆明市', 'K', '\0', '100', '2018-03-31 17:03:20');
INSERT INTO `Sys_City` VALUES ('286', '25', '530300', '曲靖市', 'Q', '\0', '100', '2018-03-31 17:03:20');
INSERT INTO `Sys_City` VALUES ('287', '25', '530400', '玉溪市', 'Y', '\0', '100', '2018-03-31 17:03:20');
INSERT INTO `Sys_City` VALUES ('288', '25', '530500', '保山市', 'B', '\0', '100', '2018-03-31 17:03:20');
INSERT INTO `Sys_City` VALUES ('289', '25', '530600', '昭通市', 'Z', '\0', '100', '2018-03-31 17:03:20');
INSERT INTO `Sys_City` VALUES ('290', '25', '530700', '丽江市', 'L', '\0', '100', '2018-03-31 17:03:20');
INSERT INTO `Sys_City` VALUES ('291', '25', '530800', '普洱市', 'P', '\0', '100', '2018-03-31 17:03:20');
INSERT INTO `Sys_City` VALUES ('292', '25', '530900', '临沧市', 'L', '\0', '100', '2018-03-31 17:03:20');
INSERT INTO `Sys_City` VALUES ('293', '25', '532300', '楚雄彝族自治州', 'C', '\0', '100', '2018-03-31 17:03:20');
INSERT INTO `Sys_City` VALUES ('294', '25', '532500', '红河哈尼族彝族自治州', 'H', '\0', '100', '2018-03-31 17:03:20');
INSERT INTO `Sys_City` VALUES ('295', '25', '532600', '文山壮族苗族自治州', 'W', '\0', '100', '2018-03-31 17:03:20');
INSERT INTO `Sys_City` VALUES ('296', '25', '532800', '西双版纳傣族自治州', 'X', '\0', '100', '2018-03-31 17:03:20');
INSERT INTO `Sys_City` VALUES ('297', '25', '532900', '大理白族自治州', 'D', '\0', '100', '2018-03-31 17:03:20');
INSERT INTO `Sys_City` VALUES ('298', '25', '533100', '德宏傣族景颇族自治州', 'D', '\0', '100', '2018-03-31 17:03:20');
INSERT INTO `Sys_City` VALUES ('299', '25', '533300', '怒江傈僳族自治州', 'N', '\0', '100', '2018-03-31 17:03:20');
INSERT INTO `Sys_City` VALUES ('300', '25', '533400', '迪庆藏族自治州', 'D', '\0', '100', '2018-03-31 17:03:20');
INSERT INTO `Sys_City` VALUES ('301', '26', '540100', '拉萨市', 'L', '\0', '100', '2018-03-31 17:03:20');
INSERT INTO `Sys_City` VALUES ('302', '26', '540200', '日喀则市', 'R', '\0', '100', '2018-03-31 17:03:20');
INSERT INTO `Sys_City` VALUES ('303', '26', '540300', '昌都市', 'C', '\0', '100', '2018-03-31 17:03:20');
INSERT INTO `Sys_City` VALUES ('304', '26', '540400', '林芝市', 'L', '\0', '100', '2018-03-31 17:03:20');
INSERT INTO `Sys_City` VALUES ('305', '26', '540500', '山南市', 'S', '\0', '100', '2018-03-31 17:03:20');
INSERT INTO `Sys_City` VALUES ('306', '26', '540600', '那曲市', 'N', '\0', '100', '2018-03-31 17:03:20');
INSERT INTO `Sys_City` VALUES ('307', '26', '542500', '阿里地区', 'A', '\0', '100', '2018-03-31 17:03:20');
INSERT INTO `Sys_City` VALUES ('308', '27', '610100', '西安市', 'X', '\0', '100', '2018-03-31 17:03:20');
INSERT INTO `Sys_City` VALUES ('309', '27', '610200', '铜川市', 'T', '\0', '100', '2018-03-31 17:03:20');
INSERT INTO `Sys_City` VALUES ('310', '27', '610300', '宝鸡市', 'B', '\0', '100', '2018-03-31 17:03:20');
INSERT INTO `Sys_City` VALUES ('311', '27', '610400', '咸阳市', 'X', '\0', '100', '2018-03-31 17:03:20');
INSERT INTO `Sys_City` VALUES ('312', '27', '610500', '渭南市', 'W', '\0', '100', '2018-03-31 17:03:20');
INSERT INTO `Sys_City` VALUES ('313', '27', '610600', '延安市', 'Y', '\0', '100', '2018-03-31 17:03:20');
INSERT INTO `Sys_City` VALUES ('314', '27', '610700', '汉中市', 'H', '\0', '100', '2018-03-31 17:03:20');
INSERT INTO `Sys_City` VALUES ('315', '27', '610800', '榆林市', 'Y', '\0', '100', '2018-03-31 17:03:20');
INSERT INTO `Sys_City` VALUES ('316', '27', '610900', '安康市', 'A', '\0', '100', '2018-03-31 17:03:20');
INSERT INTO `Sys_City` VALUES ('317', '27', '611000', '商洛市', 'S', '\0', '100', '2018-03-31 17:03:20');
INSERT INTO `Sys_City` VALUES ('318', '28', '620100', '兰州市', 'L', '\0', '100', '2018-03-31 17:03:20');
INSERT INTO `Sys_City` VALUES ('319', '28', '620200', '嘉峪关市', 'J', '\0', '100', '2018-03-31 17:03:20');
INSERT INTO `Sys_City` VALUES ('320', '28', '620300', '金昌市', 'J', '\0', '100', '2018-03-31 17:03:20');
INSERT INTO `Sys_City` VALUES ('321', '28', '620400', '白银市', 'B', '\0', '100', '2018-03-31 17:03:20');
INSERT INTO `Sys_City` VALUES ('322', '28', '620500', '天水市', 'T', '\0', '100', '2018-03-31 17:03:20');
INSERT INTO `Sys_City` VALUES ('323', '28', '620600', '武威市', 'W', '\0', '100', '2018-03-31 17:03:20');
INSERT INTO `Sys_City` VALUES ('324', '28', '620700', '张掖市', 'Z', '\0', '100', '2018-03-31 17:03:20');
INSERT INTO `Sys_City` VALUES ('325', '28', '620800', '平凉市', 'P', '\0', '100', '2018-03-31 17:03:20');
INSERT INTO `Sys_City` VALUES ('326', '28', '620900', '酒泉市', 'J', '\0', '100', '2018-03-31 17:03:20');
INSERT INTO `Sys_City` VALUES ('327', '28', '621000', '庆阳市', 'Q', '\0', '100', '2018-03-31 17:03:20');
INSERT INTO `Sys_City` VALUES ('328', '28', '621100', '定西市', 'D', '\0', '100', '2018-03-31 17:03:20');
INSERT INTO `Sys_City` VALUES ('329', '28', '621200', '陇南市', 'L', '\0', '100', '2018-03-31 17:03:20');
INSERT INTO `Sys_City` VALUES ('330', '28', '622900', '临夏回族自治州', 'L', '\0', '100', '2018-03-31 17:03:20');
INSERT INTO `Sys_City` VALUES ('331', '28', '623000', '甘南藏族自治州', 'G', '\0', '100', '2018-03-31 17:03:20');
INSERT INTO `Sys_City` VALUES ('332', '29', '630100', '西宁市', 'X', '\0', '100', '2018-03-31 17:03:20');
INSERT INTO `Sys_City` VALUES ('333', '29', '630200', '海东市', 'H', '\0', '100', '2018-03-31 17:03:20');
INSERT INTO `Sys_City` VALUES ('334', '29', '632200', '海北藏族自治州', 'H', '\0', '100', '2018-03-31 17:03:20');
INSERT INTO `Sys_City` VALUES ('335', '29', '632300', '黄南藏族自治州', 'H', '\0', '100', '2018-03-31 17:03:20');
INSERT INTO `Sys_City` VALUES ('336', '29', '632500', '海南藏族自治州', 'H', '\0', '100', '2018-03-31 17:03:20');
INSERT INTO `Sys_City` VALUES ('337', '29', '632600', '果洛藏族自治州', 'G', '\0', '100', '2018-03-31 17:03:20');
INSERT INTO `Sys_City` VALUES ('338', '29', '632700', '玉树藏族自治州', 'Y', '\0', '100', '2018-03-31 17:03:20');
INSERT INTO `Sys_City` VALUES ('339', '29', '632800', '海西蒙古族藏族自治州', 'H', '\0', '100', '2018-03-31 17:03:20');
INSERT INTO `Sys_City` VALUES ('340', '30', '640100', '银川市', 'Y', '\0', '100', '2018-03-31 17:03:20');
INSERT INTO `Sys_City` VALUES ('341', '30', '640200', '石嘴山市', 'S', '\0', '100', '2018-03-31 17:03:20');
INSERT INTO `Sys_City` VALUES ('342', '30', '640300', '吴忠市', 'W', '\0', '100', '2018-03-31 17:03:20');
INSERT INTO `Sys_City` VALUES ('343', '30', '640400', '固原市', 'G', '\0', '100', '2018-03-31 17:03:20');
INSERT INTO `Sys_City` VALUES ('344', '30', '640500', '中卫市', 'Z', '\0', '100', '2018-03-31 17:03:20');
INSERT INTO `Sys_City` VALUES ('345', '31', '650100', '乌鲁木齐市', 'W', '\0', '100', '2018-03-31 17:03:20');
INSERT INTO `Sys_City` VALUES ('346', '31', '650200', '克拉玛依市', 'K', '\0', '100', '2018-03-31 17:03:20');
INSERT INTO `Sys_City` VALUES ('347', '31', '650400', '吐鲁番市', 'T', '\0', '100', '2018-03-31 17:03:20');
INSERT INTO `Sys_City` VALUES ('348', '31', '650500', '哈密市', 'H', '\0', '100', '2018-03-31 17:03:20');
INSERT INTO `Sys_City` VALUES ('349', '31', '652300', '昌吉回族自治州', 'C', '\0', '100', '2018-03-31 17:03:20');
INSERT INTO `Sys_City` VALUES ('350', '31', '652700', '博尔塔拉蒙古自治州', 'B', '\0', '100', '2018-03-31 17:03:20');
INSERT INTO `Sys_City` VALUES ('351', '31', '652800', '巴音郭楞蒙古自治州', 'B', '\0', '100', '2018-03-31 17:03:20');
INSERT INTO `Sys_City` VALUES ('352', '31', '652900', '阿克苏地区', 'A', '\0', '100', '2018-03-31 17:03:20');
INSERT INTO `Sys_City` VALUES ('353', '31', '653000', '克孜勒苏柯尔克孜自治州', 'K', '\0', '100', '2018-03-31 17:03:20');
INSERT INTO `Sys_City` VALUES ('354', '31', '653100', '喀什地区', 'K', '\0', '100', '2018-03-31 17:03:20');
INSERT INTO `Sys_City` VALUES ('355', '31', '653200', '和田地区', 'H', '\0', '100', '2018-03-31 17:03:20');
INSERT INTO `Sys_City` VALUES ('356', '31', '654000', '伊犁哈萨克自治州', 'Y', '\0', '100', '2018-03-31 17:03:20');
INSERT INTO `Sys_City` VALUES ('357', '31', '654200', '塔城地区', 'T', '\0', '100', '2018-03-31 17:03:20');
INSERT INTO `Sys_City` VALUES ('358', '31', '654300', '阿勒泰地区', 'A', '\0', '100', '2018-03-31 17:03:20');
INSERT INTO `Sys_City` VALUES ('359', '31', '659001', '石河子市', 'S', '\0', '100', '2018-03-31 17:03:20');
INSERT INTO `Sys_City` VALUES ('360', '31', '659002', '阿拉尔市', 'A', '\0', '100', '2018-03-31 17:03:20');
INSERT INTO `Sys_City` VALUES ('361', '31', '659003', '图木舒克市', 'T', '\0', '100', '2018-03-31 17:03:20');
INSERT INTO `Sys_City` VALUES ('362', '31', '659004', '五家渠市', 'W', '\0', '100', '2018-03-31 17:03:20');
INSERT INTO `Sys_City` VALUES ('363', '31', '659005', '北屯市', 'B', '\0', '100', '2018-03-31 17:03:20');
INSERT INTO `Sys_City` VALUES ('364', '31', '659006', '铁门关市', 'T', '\0', '100', '2018-03-31 17:03:20');
INSERT INTO `Sys_City` VALUES ('365', '31', '659007', '双河市', 'S', '\0', '100', '2018-03-31 17:03:20');
INSERT INTO `Sys_City` VALUES ('366', '31', '659008', '可克达拉市', 'K', '\0', '100', '2018-03-31 17:03:20');
INSERT INTO `Sys_City` VALUES ('367', '31', '659009', '昆玉市', 'K', '\0', '100', '2018-03-31 17:03:20');
INSERT INTO `Sys_City` VALUES ('368', '10', '321400', '江阴市', 'j', '\0', '100', '2018-03-31 17:03:20');

-- ----------------------------
-- Table structure for Sys_Log
-- ----------------------------
DROP TABLE IF EXISTS `Sys_Log`;
CREATE TABLE `Sys_Log` (
  `Id` int(11) NOT NULL AUTO_INCREMENT,
  `BeginDate` datetime DEFAULT NULL,
  `BrowserType` varchar(200) CHARACTER SET utf8 COLLATE utf8_general_ci DEFAULT NULL,
  `ElapsedTime` int(11) DEFAULT NULL,
  `EndDate` datetime DEFAULT NULL,
  `ExceptionInfo` mediumtext CHARACTER SET utf8 COLLATE utf8_general_ci,
  `LogType` varchar(50) CHARACTER SET utf8 COLLATE utf8_general_ci DEFAULT NULL,
  `RequestParameter` mediumtext,
  `ResponseParameter` mediumtext,
  `Role_Id` int(11) DEFAULT NULL,
  `ServiceIP` varchar(100) CHARACTER SET utf8 COLLATE utf8_general_ci DEFAULT NULL,
  `Success` int(11) DEFAULT NULL,
  `Url` varchar(4000) CHARACTER SET utf8 COLLATE utf8_general_ci DEFAULT NULL,
  `UserIP` varchar(100) CHARACTER SET utf8 COLLATE utf8_general_ci DEFAULT NULL,
  `UserName` varchar(4000) CHARACTER SET utf8 COLLATE utf8_general_ci DEFAULT NULL,
  `UID` varchar(38) DEFAULT NULL,
  PRIMARY KEY (`Id`) USING BTREE
) ENGINE=InnoDB AUTO_INCREMENT=202770 DEFAULT CHARSET=latin1 ROW_FORMAT=COMPACT;

-- ----------------------------
-- Records of Sys_Log
-- ----------------------------

-- ----------------------------
-- Table structure for Sys_Menu
-- ----------------------------
DROP TABLE IF EXISTS `Sys_Menu`;
CREATE TABLE `Sys_Menu` (
  `Menu_Id` int(11) NOT NULL AUTO_INCREMENT,
  `MenuName` varchar(50) CHARACTER SET utf8 COLLATE utf8_general_ci NOT NULL,
  `Auth` varchar(4000) CHARACTER SET utf8 COLLATE utf8_general_ci DEFAULT NULL,
  `Icon` varchar(50) CHARACTER SET utf8 COLLATE utf8_general_ci DEFAULT NULL,
  `Description` varchar(200) CHARACTER SET utf8 COLLATE utf8_general_ci DEFAULT NULL,
  `DataStatus` tinyint(4) DEFAULT NULL,
  `OrderNo` int(11) DEFAULT NULL,
  `TableName` varchar(200) CHARACTER SET utf8 COLLATE utf8_general_ci DEFAULT NULL,
  `ParentId` int(11) NOT NULL,
  `Url` varchar(4000) CHARACTER SET utf8 COLLATE utf8_general_ci DEFAULT NULL,
  `CreateDate` datetime DEFAULT NULL,
  `Creator` varchar(50) CHARACTER SET utf8 COLLATE utf8_general_ci DEFAULT NULL,
  `ModifyDate` datetime DEFAULT NULL,
  `Modifier` varchar(50) CHARACTER SET utf8 COLLATE utf8_general_ci DEFAULT NULL,
  PRIMARY KEY (`Menu_Id`) USING BTREE
) ENGINE=InnoDB AUTO_INCREMENT=90 DEFAULT CHARSET=latin1 ROW_FORMAT=COMPACT;

-- ----------------------------
-- Records of Sys_Menu
-- ----------------------------
INSERT INTO `Sys_Menu` VALUES ('2', '用户基础信息', '[{\"text\":\"查询\",\"value\":\"Search\"}]', 'ivu-icon ivu-icon-md-contact', null, '1', '1600', '.', '0', null, '2017-08-28 12:21:13', '2017-08-28 11:12:45', '2019-10-11 14:33:29', '超级管理员');
INSERT INTO `Sys_Menu` VALUES ('3', '角色管理', '[{\"text\":\"查询\",\"value\":\"Search\"},{\"text\":\"新建\",\"value\":\"Add\"},{\"text\":\"删除\",\"value\":\"Delete\"},{\"text\":\"编辑\",\"value\":\"Update\"},{\"text\":\"导出\",\"value\":\"Export\"}]', '', null, '1', '900', 'Sys_Role', '2', '/Sys_Role/Manager', '2017-09-12 16:20:02', '2017-08-28 14:19:13', '2019-08-15 10:27:41', '超级管理员');
INSERT INTO `Sys_Menu` VALUES ('5', '日志管理', '[{\"text\":\"查询\",\"value\":\"Search\"}]', 'ivu-icon ivu-icon-ios-create', null, '1', '1300', 'xxx', '0', '/', '2017-09-22 17:59:37', '2017-09-22 17:59:37', '2019-10-11 14:34:00', '超级管理员');
INSERT INTO `Sys_Menu` VALUES ('6', '系统日志', '[{\"text\":\"查询\",\"value\":\"Search\"},{\"text\":\"删除\",\"value\":\"Delete\"},{\"text\":\"导出\",\"value\":\"Export\"}]', '', null, '1', '0', 'Sys_Log', '5', '/Sys_Log/Manager', '2017-09-22 18:00:25', '2017-09-22 18:0:25', '2019-08-14 16:20:35', '超级管理员');
INSERT INTO `Sys_Menu` VALUES ('7', '角色权限分配', '[{\"text\":\"查询\",\"value\":\"Search\"},{\"text\":\"新建\",\"value\":\"Add\"},{\"text\":\"删除\",\"value\":\"Delete\"},{\"text\":\"编辑\",\"value\":\"Update\"},{\"text\":\"导出\",\"value\":\"Export\"}]', '', null, '0', '10', 'Sys_Role', '2', '/Sys_Role/TreeManager', null, null, '2019-09-19 15:15:54', '超级管理员');
INSERT INTO `Sys_Menu` VALUES ('9', '用户管理', '[{\"text\":\"查询\",\"value\":\"Search\"},{\"text\":\"新建\",\"value\":\"Add\"},{\"text\":\"删除\",\"value\":\"Delete\"},{\"text\":\"编辑\",\"value\":\"Update\"},{\"text\":\"导入\",\"value\":\"Import\"},{\"text\":\"导出\",\"value\":\"Export\"},{\"text\":\"上传\",\"value\":\"Upload\"},{\"text\":\"审核\",\"value\":\"Audit\"}]', '', null, '1', '11110', 'Sys_User', '2', '/Sys_User/Manager', null, null, '2019-08-14 14:28:43', '超级管理员');
INSERT INTO `Sys_Menu` VALUES ('10', '表单与上传下载', '[{\"text\":\"查询\",\"value\":\"Search\"}]', '', null, '1', '0', '/', '28', '/formUpload', null, null, '2019-12-07 11:16:47', '超级管理员');
INSERT INTO `Sys_Menu` VALUES ('11', 'api加载table数据', '[{\"text\":\"查询\",\"value\":\"Search\"}]', '', null, '1', '600', 'table2', '12', '/table2', null, null, '2019-11-14 00:11:17', '超级管理员');
INSERT INTO `Sys_Menu` VALUES ('12', 'tables', '[{\"text\":\"查询\",\"value\":\"Search\"}]', 'ios-grid', null, '1', '1710', '/', '0', '', '2017-08-28 14:22:10', 'null', '2019-11-15 14:32:32', '超级管理员');
INSERT INTO `Sys_Menu` VALUES ('16', '首页轮播图片', '[{\"text\":\"查询\",\"value\":\"Search\"},{\"text\":\"新建\",\"value\":\"Add\"},{\"text\":\"删除\",\"value\":\"Delete\"},{\"text\":\"编辑\",\"value\":\"Update\"},{\"text\":\"导入\",\"value\":\"Import\"},{\"text\":\"导出\",\"value\":\"Export\"},{\"text\":\"上传\",\"value\":\"Upload\"},{\"text\":\"审核\",\"value\":\"Audit\"}]', '', null, '0', '2000', 'App_HomeHeadImages', '15', '/App_HomeHeadImages/Manager', null, null, '2019-08-12 16:26:44', '超级管理员');
INSERT INTO `Sys_Menu` VALUES ('17', '用户注册信息', '[{\"text\":\"查询\",\"value\":\"Search\"},{\"text\":\"新建\",\"value\":\"Add\"},{\"text\":\"删除\",\"value\":\"Delete\"},{\"text\":\"编辑\",\"value\":\"Update\"},{\"text\":\"导入\",\"value\":\"Import\"},{\"text\":\"导出\",\"value\":\"Export\"},{\"text\":\"上传\",\"value\":\"Upload\"},{\"text\":\"审核\",\"value\":\"Audit\"}]', '', null, '0', '10', 'Sys_UserRegisterRecord', '2', '/Sys_UserRegisterRecord/Manager', null, null, '2019-09-18 15:31:24', '超级管理员');
INSERT INTO `Sys_Menu` VALUES ('24', '后台加载table数据', '[{\"text\":\"查询\",\"value\":\"Search\"}]', '', null, '1', '750', '/', '56', '/table', null, null, '2019-09-20 14:59:25', '超级管理员');
INSERT INTO `Sys_Menu` VALUES ('25', '其他组件', '[{\"text\":\"查询\",\"value\":\"Search\"},{\"text\":\"新建\",\"value\":\"Add\"},{\"text\":\"删除\",\"value\":\"Delete\"},{\"text\":\"编辑\",\"value\":\"Update\"},{\"text\":\"导入\",\"value\":\"Import\"},{\"text\":\"导出\",\"value\":\"Export\"},{\"text\":\"上传\",\"value\":\"Upload\"},{\"text\":\"审核\",\"value\":\"Audit\"}]', '', null, '1', '1100', '/', '29', '/form6', null, null, '2019-09-22 23:27:37', '超级管理员');
INSERT INTO `Sys_Menu` VALUES ('26', '文件上传', '[{\"text\":\"查询\",\"value\":\"Search\"}]', '', null, '1', '1050', 'volUploadExample', '28', '/volUploadExample', null, null, '2019-12-17 18:29:50', '超级管理员');
INSERT INTO `Sys_Menu` VALUES ('27', '基础可编辑table', '[{\"text\":\"查询\",\"value\":\"Search\"}]', '', null, '1', '1050', 'vtable', '12', '/table1', null, null, '2019-11-14 00:08:51', '超级管理员');
INSERT INTO `Sys_Menu` VALUES ('28', '文件上传与载', '[{\"text\":\"查询\",\"value\":\"Search\"},{\"text\":\"新建\",\"value\":\"Add\"},{\"text\":\"删除\",\"value\":\"Delete\"},{\"text\":\"编辑\",\"value\":\"Update\"},{\"text\":\"导入\",\"value\":\"Import\"},{\"text\":\"导出\",\"value\":\"Export\"},{\"text\":\"上传\",\"value\":\"Upload\"},{\"text\":\"审核\",\"value\":\"Audit\"}]', 'ios-folder-open', null, '1', '1690', '/', '0', null, null, null, '2020-02-24 12:11:24', '超级管理员');
INSERT INTO `Sys_Menu` VALUES ('29', '其他组件', '[{\"text\":\"查询\",\"value\":\"Search\"}]', 'ivu-icon ivu-icon-md-hammer', null, '1', '1670', '其他组件', '0', '', null, null, '2019-12-22 00:39:08', '超级管理员');
INSERT INTO `Sys_Menu` VALUES ('30', '图表', '[{\"text\":\"查询\",\"value\":\"Search\"}]', '', null, '1', '100000', 'App_PriceTendency', '34', '/chart', null, null, '2019-11-14 00:07:26', '超级管理员');
INSERT INTO `Sys_Menu` VALUES ('31', '图表+表单', '[{\"text\":\"查询\",\"value\":\"Search\"}]', '', null, '1', '950', 'App_Comment', '34', '/formChart', null, null, '2019-11-14 00:07:51', '超级管理员');
INSERT INTO `Sys_Menu` VALUES ('32', '表单一对多', '[{\"text\":\"查询\",\"value\":\"Search\"}]', 'ios-podium', null, '1', '1740', '/', '0', '', null, null, '2019-11-15 14:33:07', '超级管理员');
INSERT INTO `Sys_Menu` VALUES ('33', '完整table+forms', '[{\"text\":\"查询\",\"value\":\"Search\"}]', '', null, '1', '800', 'tableForms', '12', '/tableForms', null, null, '2020-04-03 22:58:27', '超级管理员');
INSERT INTO `Sys_Menu` VALUES ('34', '图表+表单', '[{\"text\":\"查询\",\"value\":\"Search\"}]', 'ios-pie', null, '1', '1720', '/', '0', '', null, null, '2019-11-15 14:32:56', '超级管理员');
INSERT INTO `Sys_Menu` VALUES ('35', '可编辑的table', '[{\"text\":\"查询\",\"value\":\"Search\"}]', '', null, '1', '730', 'editTable', '56', '/editTable', null, null, '2019-09-20 15:50:21', '超级管理员');
INSERT INTO `Sys_Menu` VALUES ('36', '表单一对多table', '[{\"text\":\"查询\",\"value\":\"Search\"},{\"text\":\"新建\",\"value\":\"Add\"},{\"text\":\"删除\",\"value\":\"Delete\"},{\"text\":\"编辑\",\"value\":\"Update\"},{\"text\":\"导入\",\"value\":\"Import\"},{\"text\":\"导出\",\"value\":\"Export\"}]', '', null, '1', '950', 'App_TransactionAvgPrice1', '32', '/multi1', null, null, '2019-11-14 00:03:19', '超级管理员');
INSERT INTO `Sys_Menu` VALUES ('37', '表单+图表', '[{\"text\":\"查询\",\"value\":\"Search\"},{\"text\":\"新建\",\"value\":\"Add\"},{\"text\":\"删除\",\"value\":\"Delete\"},{\"text\":\"编辑\",\"value\":\"Update\"},{\"text\":\"导入\",\"value\":\"Import\"},{\"text\":\"导出\",\"value\":\"Export\"},{\"text\":\"上传\",\"value\":\"Upload\"},{\"text\":\"审核\",\"value\":\"Audit\"}]', '', null, '1', '800', 'App_Transaction', '32', '/multi3', null, null, '2019-11-14 00:04:17', '超级管理员');
INSERT INTO `Sys_Menu` VALUES ('38', '省市列表', '[{\"text\":\"查询\",\"value\":\"Search\"},{\"text\":\"新建\",\"value\":\"Add\"},{\"text\":\"删除\",\"value\":\"Delete\"},{\"text\":\"编辑\",\"value\":\"Update\"},{\"text\":\"导出\",\"value\":\"Export\"}]', '', null, '1', '1000', 'vProvinceCity', '15', '/vProvinceCity', null, null, '2019-08-20 09:30:04', '超级管理员');
INSERT INTO `Sys_Menu` VALUES ('39', '用户Token生成记录', '[{\"text\":\"查询\",\"value\":\"Search\"},{\"text\":\"新建\",\"value\":\"Add\"},{\"text\":\"删除\",\"value\":\"Delete\"},{\"text\":\"编辑\",\"value\":\"Update\"},{\"text\":\"导入\",\"value\":\"Import\"},{\"text\":\"导出\",\"value\":\"Export\"},{\"text\":\"上传\",\"value\":\"Upload\"},{\"text\":\"审核\",\"value\":\"Audit\"}]', '', null, '0', '10', 'x', '2', '/Sys_UserTokenLog/Manager', null, null, '2019-09-18 15:31:19', '超级管理员');
INSERT INTO `Sys_Menu` VALUES ('41', '可复用后台校验', '[{\"text\":\"查询\",\"value\":\"Search\"}]', 'ios-switch', null, '1', '1700', '/', '0', '', null, null, '2020-02-02 20:01:16', '超级管理员');
INSERT INTO `Sys_Menu` VALUES ('42', '主从表单明细一对多', '[{\"text\":\"查询\",\"value\":\"Search\"},{\"text\":\"新建\",\"value\":\"Add\"},{\"text\":\"删除\",\"value\":\"Delete\"},{\"text\":\"编辑\",\"value\":\"Update\"},{\"text\":\"导出\",\"value\":\"Export\"}]', '', null, '1', '0', 'SellOrder1', '32', '/multi4', null, null, '2020-04-03 22:54:52', '超级管理员');
INSERT INTO `Sys_Menu` VALUES ('45', '不用节点放此处', '', '', null, '0', '0', '/', '0', null, null, null, '2020-05-05 12:02:07', '超级管理员');
INSERT INTO `Sys_Menu` VALUES ('46', '产业联盟', '[{\"text\":\"查询\",\"value\":\"Search\"},{\"text\":\"新建\",\"value\":\"Add\"},{\"text\":\"删除\",\"value\":\"Delete\"},{\"text\":\"编辑\",\"value\":\"Update\"},{\"text\":\"导出\",\"value\":\"Export\"},{\"text\":\"审核\",\"value\":\"Audit\"}]', '', null, '1', '10', 'App_Alliance', '15', '/App_Alliance/Manager', null, null, '2019-08-13 13:12:42', '超级管理员');
INSERT INTO `Sys_Menu` VALUES ('47', 'test2019', '[{\"text\":\"查询\",\"value\":\"Search\"},{\"text\":\"新建\",\"value\":\"Add\"},{\"text\":\"删除\",\"value\":\"Delete\"},{\"text\":\"编辑\",\"value\":\"Update\"},{\"text\":\"导出\",\"value\":\"Export\"}]', '', null, '1', '0', 'test2019', '15', '/test2019', '2019-04-30 15:16:23', '超级管理员', '2019-08-13 13:12:50', '超级管理员');
INSERT INTO `Sys_Menu` VALUES ('48', 'Table+单表数据', '[{\"text\":\"查询\",\"value\":\"Search\"}]', 'ivu-icon ivu-icon-md-grid', null, '1', '2000', 'Table+表单数据', '0', '/', '2019-07-12 13:26:32', '超级管理员', '2020-05-19 16:25:06', '超级管理员');
INSERT INTO `Sys_Menu` VALUES ('49', '基础表单+编辑只读', '[{\"text\":\"查询\",\"value\":\"Search\"},{\"text\":\"新建\",\"value\":\"Add\"},{\"text\":\"编辑\",\"value\":\"Update\"},{\"text\":\"导入\",\"value\":\"Import\"},{\"text\":\"导出\",\"value\":\"Export\"},{\"text\":\"上传\",\"value\":\"Upload\"},{\"text\":\"审核\",\"value\":\"Audit\"},{\"text\":\"123\",\"value\":\"123\"}]', '', null, '1', '1000', 'App_Appointment', '48', '/App_Appointment', '2019-07-12 13:28:17', '超级管理员', '2020-05-19 16:26:08', '超级管理员');
INSERT INTO `Sys_Menu` VALUES ('50', '自动绑定下拉框', '[{\"text\":\"查询\",\"value\":\"Search\"},{\"text\":\"新建\",\"value\":\"Add\"},{\"text\":\"删除\",\"value\":\"Delete\"},{\"text\":\"编辑\",\"value\":\"Update\"}]', '', null, '1', '900', 'App_TransactionAvgPrice', '48', '/App_TransactionAvgPrice', '2019-07-12 13:53:32', '超级管理员', '2020-03-03 10:25:29', '超级管理员');
INSERT INTO `Sys_Menu` VALUES ('51', '自定义扩展一对多', '[{\"text\":\"查询\",\"value\":\"Search\"},{\"text\":\"新建\",\"value\":\"Add\"},{\"text\":\"删除\",\"value\":\"Delete\"},{\"text\":\"编辑\",\"value\":\"Update\"},{\"text\":\"导出\",\"value\":\"Export\"},{\"text\":\"审核\",\"value\":\"Audit\"}]', '', null, '1', '800', 'App_ReportPrice', '74', '/App_ReportPrice', '2019-07-12 13:55:21', '超级管理员', '2020-04-03 22:56:32', '超级管理员');
INSERT INTO `Sys_Menu` VALUES ('52', '导入导出表单', '[{\"text\":\"查询\",\"value\":\"Search\"},{\"text\":\"新建\",\"value\":\"Add\"},{\"text\":\"删除\",\"value\":\"Delete\"},{\"text\":\"编辑\",\"value\":\"Update\"},{\"text\":\"导入\",\"value\":\"Import\"},{\"text\":\"导出\",\"value\":\"Export\"}]', '', null, '1', '600', 'App_Transaction', '48', '/App_Transaction', '2019-07-12 13:56:15', '超级管理员', '2019-10-31 13:23:37', '超级管理员');
INSERT INTO `Sys_Menu` VALUES ('53', '主从基础表单', null, null, null, '1', '10', '/', '55', '/coding', '2019-07-12 13:57:05', '超级管理员', '2019-07-12 13:59:08', '超级管理员');
INSERT INTO `Sys_Menu` VALUES ('54', '可新增修改主从表单', null, null, null, '1', '10', '/', '55', '/coding', '2019-07-12 13:57:56', '超级管理员', '2019-07-12 13:59:12', '超级管理员');
INSERT INTO `Sys_Menu` VALUES ('55', 'Table+主从表单', '[{\"text\":\"查询\",\"value\":\"Search\"}]', 'ivu-icon ivu-icon-ios-grid', null, '0', '1800', '/', '0', null, '2019-07-12 13:58:34', '超级管理员', '2019-10-11 14:31:11', '超级管理员');
INSERT INTO `Sys_Menu` VALUES ('56', '表单布局', '[{\"text\":\"查询\",\"value\":\"Search\"}]', 'ivu-icon ivu-icon-ios-color-filter', null, '1', '1750', '/', '0', null, '2019-07-12 14:00:19', '超级管理员', '2020-01-08 13:54:41', '超级管理员');
INSERT INTO `Sys_Menu` VALUES ('57', '单列表单', '[{\"text\":\"查询\",\"value\":\"Search\"}]', '', null, '1', '1000', '.', '56', '/form1', '2019-07-12 14:01:12', '超级管理员', '2019-09-20 13:59:00', '超级管理员');
INSERT INTO `Sys_Menu` VALUES ('58', '两列表单', '[{\"text\":\"查询\",\"value\":\"Search\"}]', '', null, '1', '900', '两列表单', '56', '/form2', '2019-07-12 14:01:43', '超级管理员', '2019-09-20 13:59:03', '超级管理员');
INSERT INTO `Sys_Menu` VALUES ('59', '多列表单自动数据源', '[{\"text\":\"查询\",\"value\":\"Search\"}]', '', null, '1', '800', '多列表单', '56', '/form3', '2019-07-12 14:02:17', '超级管理员', '2019-12-17 11:08:06', '超级管理员');
INSERT INTO `Sys_Menu` VALUES ('60', 'Table+表单', '[{\"text\":\"查询\",\"value\":\"Search\"}]', '', null, '1', '700', 'Table+表单', '56', '/form4', '2019-07-12 14:03:14', '超级管理员', '2019-09-20 13:59:09', '超级管理员');
INSERT INTO `Sys_Menu` VALUES ('61', '系统', '[{\"text\":\"查询\",\"value\":\"Search\"}]', 'ivu-icon ivu-icon-md-settings', null, '1', '1350', '系统', '0', '/', '2019-07-12 14:04:04', '超级管理员', '2019-11-27 13:30:08', '超级管理员');
INSERT INTO `Sys_Menu` VALUES ('62', '菜单设置', '[{\"text\":\"查询\",\"value\":\"Search\"},{\"text\":\"新建\",\"value\":\"Add\"},{\"text\":\"编辑\",\"value\":\"Update\"}]', '', null, '1', '10', 'Sys_Menu', '61', '/sysmenu', '2019-07-12 14:04:35', '超级管理员', '2019-10-31 13:23:09', '超级管理员');
INSERT INTO `Sys_Menu` VALUES ('63', '下拉框绑定设置', '[{\"text\":\"查询\",\"value\":\"Search\"},{\"text\":\"新建\",\"value\":\"Add\"},{\"text\":\"删除\",\"value\":\"Delete\"},{\"text\":\"编辑\",\"value\":\"Update\"},{\"text\":\"导出\",\"value\":\"Export\"}]', '', null, '1', '10', 'Sys_Dictionary', '61', '/Sys_Dictionary', '2019-07-12 14:05:58', '超级管理员', '2019-08-16 17:41:15', '超级管理员');
INSERT INTO `Sys_Menu` VALUES ('64', '代码在线生成器', '[{\"text\":\"查询\",\"value\":\"Search\"}]', 'ivu-icon ivu-icon-ios-construct', null, '1', '1500', '代码在线生成器', '0', '/coding', '2019-07-12 14:07:55', '超级管理员', '2020-01-08 13:54:50', '超级管理员');
INSERT INTO `Sys_Menu` VALUES ('65', 'Vue+后台代码生成', '[{\"text\":\"查询\",\"value\":\"Search\"},{\"text\":\"新建\",\"value\":\"Add\"},{\"text\":\"删除\",\"value\":\"Delete\"},{\"text\":\"编辑\",\"value\":\"Update\"}]', '', null, '1', '10', '/', '64', '/coder', '2019-07-12 14:08:58', '超级管理员', '2019-09-22 23:27:54', '超级管理员');
INSERT INTO `Sys_Menu` VALUES ('66', '编辑器与HTML', '[{\"text\":\"查询\",\"value\":\"Search\"}]', 'ivu-icon ivu-icon-md-compass', null, '1', '1680', '静态页面发布', '0', '/coding', '2019-07-12 14:12:38', '超级管理员', '2019-12-22 00:40:19', '超级管理员');
INSERT INTO `Sys_Menu` VALUES ('67', '静态页面发布', '[{\"text\":\"查询\",\"value\":\"Search\"},{\"text\":\"新建\",\"value\":\"Add\"},{\"text\":\"删除\",\"value\":\"Delete\"},{\"text\":\"编辑\",\"value\":\"Update\"},{\"text\":\"导出\",\"value\":\"Export\"},{\"text\":\"上传\",\"value\":\"Upload\"}]', '', null, '1', '10', 'App_News', '66', '/App_News', '2019-07-12 14:14:16', '超级管理员', '2019-12-22 00:40:46', '超级管理员');
INSERT INTO `Sys_Menu` VALUES ('68', '文件上传与图片显示', '[{\"text\":\"查询\",\"value\":\"Search\"},{\"text\":\"新建\",\"value\":\"Add\"},{\"text\":\"编辑\",\"value\":\"Update\"},{\"text\":\"导出\",\"value\":\"Export\"},{\"text\":\"审核\",\"value\":\"Audit\"}]', '', null, '1', '700', 'App_Expert', '48', '/App_Expert', '2019-07-12 14:24:15', '超级管理员', '2019-11-27 14:00:57', '超级管理员');
INSERT INTO `Sys_Menu` VALUES ('69', '前端自定义扩展', '', '', null, '0', '500', '前端自定义扩展', '48', '/coding', '2019-07-12 14:26:25', '超级管理员', '2019-09-25 17:22:22', '超级管理员');
INSERT INTO `Sys_Menu` VALUES ('70', '后台自定义扩展', '', '', null, '0', '400', '后台自定义扩展', '48', '/coding', '2019-07-12 14:28:45', '超级管理员', '2019-09-25 17:22:26', '超级管理员');
INSERT INTO `Sys_Menu` VALUES ('71', 'vue权限管理', '[{\"text\":\"查询\",\"value\":\"Search\"},{\"text\":\"编辑\",\"value\":\"Update\"}]', 'ivu-icon ivu-icon-ios-boat', null, '1', '1000', 'Sys_Role', '2', '/permission', '2019-08-10 10:25:36', '超级管理员', null, null);
INSERT INTO `Sys_Menu` VALUES ('72', '移动H5开发', '[{\"text\":\"查询\",\"value\":\"Search\"}]', 'ivu-icon ivu-icon-logo-android', null, '1', '1650', '/', '0', '', '2019-08-14 13:16:06', '超级管理员', '2019-10-11 14:32:41', '超级管理员');
INSERT INTO `Sys_Menu` VALUES ('73', '移动H5开发打包介绍', '[{\"text\":\"查询\",\"value\":\"Search\"}]', '', null, '1', null, '/', '72', '/app/guide', '2019-08-14 13:16:55', '超级管理员', null, null);
INSERT INTO `Sys_Menu` VALUES ('74', '一对一与一对多', '[{\"text\":\"查询\",\"value\":\"Search\"}]', 'md-film', null, '1', '1770', '/', '0', '/', '2019-08-22 17:43:58', '超级管理员', '2020-04-07 23:57:06', '超级管理员');
INSERT INTO `Sys_Menu` VALUES ('75', '主从一对一', '[{\"text\":\"查询\",\"value\":\"Search\"},{\"text\":\"新建\",\"value\":\"Add\"},{\"text\":\"删除\",\"value\":\"Delete\"},{\"text\":\"编辑\",\"value\":\"Update\"},{\"text\":\"导入\",\"value\":\"Import\"},{\"text\":\"导出\",\"value\":\"Export\"},{\"text\":\"上传\",\"value\":\"Upload\"},{\"text\":\"审核\",\"value\":\"Audit\"}]', '', null, '1', '1000', 'SellOrder', '74', '/SellOrder', '2019-08-22 18:12:43', '超级管理员', '2020-04-03 22:55:15', '超级管理员');
INSERT INTO `Sys_Menu` VALUES ('76', 'api加载table数据', '[{\"text\":\"查询\",\"value\":\"Search\"}]', '', null, '0', '950', 'table2', '2', '/table2', '2019-08-26 11:57:51', '超级管理员', '2019-11-19 17:30:17', '超级管理员');
INSERT INTO `Sys_Menu` VALUES ('77', '表单只读', '[{\"text\":\"查询\",\"value\":\"Search\"}]', '', null, '1', '600', '表单只读', '56', '/form7', '2019-08-26 11:58:55', '超级管理员', '2019-09-20 13:59:13', '超级管理员');
INSERT INTO `Sys_Menu` VALUES ('78', '混合表单一对多', '[{\"text\":\"查询\",\"value\":\"Search\"},{\"text\":\"新建\",\"value\":\"Add\"},{\"text\":\"删除\",\"value\":\"Delete\"},{\"text\":\"编辑\",\"value\":\"Update\"},{\"text\":\"导入\",\"value\":\"Import\"},{\"text\":\"导出\",\"value\":\"Export\"},{\"text\":\"上传\",\"value\":\"Upload\"},{\"text\":\"审核\",\"value\":\"Audit\"}]', '', null, '1', '900', '32', '32', '/multi2', '2019-10-12 09:18:41', '超级管理员', '2019-11-14 00:03:51', '超级管理员');
INSERT INTO `Sys_Menu` VALUES ('79', 'KindEditor编辑器', '[{\"text\":\"查询\",\"value\":\"Search\"}]', '', null, '1', '100', 'KindEditor编辑器', '66', '/kindEditor', '2019-12-22 00:36:10', '超级管理员', '2019-12-22 00:40:43', '超级管理员');
INSERT INTO `Sys_Menu` VALUES ('80', '静态页面列表', '[{\"text\":\"查询\",\"value\":\"Search\"}]', '', null, '1', '0', 'htmlList', '66', '/htmlList', '2019-12-22 00:36:54', '超级管理员', '2019-12-21 22:50:41', null);
INSERT INTO `Sys_Menu` VALUES ('81', '后台参数校验', '[{\"text\":\"查询\",\"value\":\"Search\"}]', '', null, '1', '0', '/', '41', '/validator', '2020-02-02 20:01:59', '超级管理员', '2020-02-02 20:01:16', null);
INSERT INTO `Sys_Menu` VALUES ('82', '数字排版', '[{\"text\":\"查询\",\"value\":\"Search\"}]', '', null, '1', '0', 'flex', '34', '/flex', '2020-04-07 23:55:33', '超级管理员', '2019-11-15 14:32:56', null);
INSERT INTO `Sys_Menu` VALUES ('83', '从表图片上传', '[{\"text\":\"查询\",\"value\":\"Search\"},{\"text\":\"新建\",\"value\":\"Add\"},{\"text\":\"删除\",\"value\":\"Delete\"},{\"text\":\"编辑\",\"value\":\"Update\"},{\"text\":\"导出\",\"value\":\"Export\"}]', '', null, '1', '0', 'vSellorderImg', '74', '/vSellorderImg', '2020-04-07 23:56:22', '超级管理员', '2020-04-07 23:56:28', '超级管理员');
INSERT INTO `Sys_Menu` VALUES ('84', '树形菜单与table', '[{\"text\":\"查询\",\"value\":\"Search\"}]', 'md-analytics', null, '1', '1705', '树形菜单与table', '0', '', '2020-04-26 20:19:42', '超级管理员', '2020-04-26 20:19:55', '超级管理员');
INSERT INTO `Sys_Menu` VALUES ('85', 'tree与代码生成页面', '[{\"text\":\"查询\",\"value\":\"Search\"},{\"text\":\"新建\",\"value\":\"Add\"},{\"text\":\"删除\",\"value\":\"Delete\"},{\"text\":\"编辑\",\"value\":\"Update\"}]', '', null, '1', '100', 'treetable1', '84', '/treetable1', '2020-04-26 20:20:28', '超级管理员', '2019-11-15 14:32:32', null);
INSERT INTO `Sys_Menu` VALUES ('86', 'tree自定义table数据', '[{\"text\":\"查询\",\"value\":\"Search\"}]', '', null, '1', '10', 'treetable2', '84', '/treetable2', '2020-04-26 20:20:57', '超级管理员', '2020-04-26 20:21:34', '超级管理员');
INSERT INTO `Sys_Menu` VALUES ('87', '不用节点父级id45', '', '', null, '1', '0', '/', '45', '', '2020-05-05 12:01:42', '超级管理员', '2020-05-05 12:01:59', '超级管理员');
INSERT INTO `Sys_Menu` VALUES ('88', '商品列表', '[{\"text\":\"查询\",\"value\":\"Search\"},{\"text\":\"新建\",\"value\":\"Add\"},{\"text\":\"删除\",\"value\":\"Delete\"},{\"text\":\"编辑\",\"value\":\"Update\"},{\"text\":\"导入\",\"value\":\"Import\"},{\"text\":\"导出\",\"value\":\"Export\"},{\"text\":\"上传\",\"value\":\"Upload\"}]', 'ios-albums', null, '1', '0', 'WM_Product', '89', '/WM_Product', '2020-05-20 10:59:26', '超级管理员', '2020-05-20 14:44:44', '超级管理员');
INSERT INTO `Sys_Menu` VALUES ('89', '商品', '', 'logo-buffer', null, '1', '0', '商品', '0', '/', '2020-05-20 11:02:48', '超级管理员', null, null);

-- ----------------------------
-- Table structure for Sys_Province
-- ----------------------------
DROP TABLE IF EXISTS `Sys_Province`;
CREATE TABLE `Sys_Province` (
  `ID` int(11) NOT NULL AUTO_INCREMENT,
  `Code` varchar(6) NOT NULL,
  `Name` varchar(500) NOT NULL,
  `CreateTime` datetime NOT NULL DEFAULT CURRENT_TIMESTAMP,
  PRIMARY KEY (`ID`),
  KEY `IDX_AUTOFIELD` (`ID`)
) ENGINE=InnoDB AUTO_INCREMENT=35 DEFAULT CHARSET=utf8;

-- ----------------------------
-- Records of Sys_Province
-- ----------------------------
INSERT INTO `Sys_Province` VALUES ('1', '110000', '北京市', '2018-03-31 17:03:20');
INSERT INTO `Sys_Province` VALUES ('2', '120000', '天津市', '2018-03-31 17:03:20');
INSERT INTO `Sys_Province` VALUES ('3', '130000', '河北省', '2018-03-31 17:03:20');
INSERT INTO `Sys_Province` VALUES ('4', '140000', '山西省', '2018-03-31 17:03:20');
INSERT INTO `Sys_Province` VALUES ('5', '150000', '内蒙古自治区', '2018-03-31 17:03:20');
INSERT INTO `Sys_Province` VALUES ('6', '210000', '辽宁省', '2018-03-31 17:03:20');
INSERT INTO `Sys_Province` VALUES ('7', '220000', '吉林省', '2018-03-31 17:03:20');
INSERT INTO `Sys_Province` VALUES ('8', '230000', '黑龙江省', '2018-03-31 17:03:20');
INSERT INTO `Sys_Province` VALUES ('9', '310000', '上海市', '2018-03-31 17:03:20');
INSERT INTO `Sys_Province` VALUES ('10', '320000', '江苏省', '2018-03-31 17:03:20');
INSERT INTO `Sys_Province` VALUES ('11', '330000', '浙江省', '2018-03-31 17:03:20');
INSERT INTO `Sys_Province` VALUES ('12', '340000', '安徽省', '2018-03-31 17:03:20');
INSERT INTO `Sys_Province` VALUES ('13', '350000', '福建省', '2018-03-31 17:03:20');
INSERT INTO `Sys_Province` VALUES ('14', '360000', '江西省', '2018-03-31 17:03:20');
INSERT INTO `Sys_Province` VALUES ('15', '370000', '山东省', '2018-03-31 17:03:20');
INSERT INTO `Sys_Province` VALUES ('16', '410000', '河南省', '2018-03-31 17:03:20');
INSERT INTO `Sys_Province` VALUES ('17', '420000', '湖北省', '2018-03-31 17:03:20');
INSERT INTO `Sys_Province` VALUES ('18', '430000', '湖南省', '2018-03-31 17:03:20');
INSERT INTO `Sys_Province` VALUES ('19', '440000', '广东省', '2018-03-31 17:03:20');
INSERT INTO `Sys_Province` VALUES ('20', '450000', '广西壮族自治区', '2018-03-31 17:03:20');
INSERT INTO `Sys_Province` VALUES ('21', '460000', '海南省', '2018-03-31 17:03:20');
INSERT INTO `Sys_Province` VALUES ('22', '500000', '重庆市', '2018-03-31 17:03:20');
INSERT INTO `Sys_Province` VALUES ('23', '510000', '四川省', '2018-03-31 17:03:20');
INSERT INTO `Sys_Province` VALUES ('24', '520000', '贵州省', '2018-03-31 17:03:20');
INSERT INTO `Sys_Province` VALUES ('25', '530000', '云南省', '2018-03-31 17:03:20');
INSERT INTO `Sys_Province` VALUES ('26', '540000', '西藏自治区', '2018-03-31 17:03:20');
INSERT INTO `Sys_Province` VALUES ('27', '610000', '陕西省', '2018-03-31 17:03:20');
INSERT INTO `Sys_Province` VALUES ('28', '620000', '甘肃省', '2018-03-31 17:03:20');
INSERT INTO `Sys_Province` VALUES ('29', '630000', '青海省', '2018-03-31 17:03:20');
INSERT INTO `Sys_Province` VALUES ('30', '640000', '宁夏回族自治区', '2018-03-31 17:03:20');
INSERT INTO `Sys_Province` VALUES ('31', '650000', '新疆维吾尔自治区', '2018-03-31 17:03:20');
INSERT INTO `Sys_Province` VALUES ('32', '710000', '台湾省', '2018-03-31 17:03:20');
INSERT INTO `Sys_Province` VALUES ('33', '810000', '香港特别行政区', '2018-03-31 17:03:20');
INSERT INTO `Sys_Province` VALUES ('34', '820000', '澳门特别行政区', '2018-03-31 17:03:20');

-- ----------------------------
-- Table structure for Sys_Role
-- ----------------------------
DROP TABLE IF EXISTS `Sys_Role`;
CREATE TABLE `Sys_Role` (
  `Role_Id` int(11) NOT NULL AUTO_INCREMENT,
  `CreateDate` datetime DEFAULT NULL,
  `Creator` varchar(50) CHARACTER SET utf8 COLLATE utf8_general_ci DEFAULT NULL,
  `DeleteBy` varchar(50) CHARACTER SET utf8 COLLATE utf8_general_ci DEFAULT NULL,
  `DeptName` varchar(50) CHARACTER SET utf8 COLLATE utf8_general_ci DEFAULT NULL,
  `Dept_Id` int(11) DEFAULT NULL,
  `Modifier` varchar(50) CHARACTER SET utf8 COLLATE utf8_general_ci DEFAULT NULL,
  `ModifyDate` datetime DEFAULT NULL,
  `OrderNo` int(11) DEFAULT NULL,
  `ParentId` int(11) NOT NULL,
  `RoleName` varchar(50) CHARACTER SET utf8 COLLATE utf8_general_ci DEFAULT NULL,
  `DataStatus` tinyint(4) DEFAULT NULL,
  PRIMARY KEY (`Role_Id`) USING BTREE
) ENGINE=InnoDB AUTO_INCREMENT=7 DEFAULT CHARSET=latin1 ROW_FORMAT=COMPACT;

-- ----------------------------
-- Records of Sys_Role
-- ----------------------------
INSERT INTO `Sys_Role` VALUES ('1', '2018-08-23 11:46:06', '侩牛', null, '无', '0', '测试超级管理员', '2018-09-06 17:08:35', '1000', '0', '超级管理员', null);
INSERT INTO `Sys_Role` VALUES ('2', '2018-08-23 11:46:52', '侩牛小编', null, '1', '0', '超级管理员', '2019-12-08 20:15:46', null, '1', '测试管理员', null);
INSERT INTO `Sys_Role` VALUES ('3', '2018-08-23 11:47:10', '小编', null, '无', '0', '超级管理员', '2019-12-08 20:15:45', null, '1', '小编', null);
INSERT INTO `Sys_Role` VALUES ('4', '2018-08-23 11:47:41', '测试超级管理员', null, '无  ', '0', '超级管理员', '2019-12-11 17:16:28', null, '1', '信息员', null);
INSERT INTO `Sys_Role` VALUES ('5', '2019-05-30 10:59:13', '超级管理员', null, '还没想好', null, '超级管理员', '2019-12-08 20:16:43', null, '1', '主管', null);
INSERT INTO `Sys_Role` VALUES ('6', '2020-04-26 20:22:17', '超级管理员', null, null, null, '', null, null, '2', '测试003', null);

-- ----------------------------
-- Table structure for Sys_Roleauth
-- ----------------------------
DROP TABLE IF EXISTS `Sys_Roleauth`;
CREATE TABLE `Sys_Roleauth` (
  `Auth_Id` int(11) NOT NULL AUTO_INCREMENT,
  `AuthValue` varchar(1000) CHARACTER SET utf8 COLLATE utf8_general_ci NOT NULL,
  `CreateDate` datetime DEFAULT NULL,
  `Creator` varchar(1000) CHARACTER SET utf8 COLLATE utf8_general_ci DEFAULT NULL,
  `Menu_Id` int(11) NOT NULL,
  `Modifier` varchar(1000) CHARACTER SET utf8 COLLATE utf8_general_ci DEFAULT NULL,
  `ModifyDate` datetime DEFAULT NULL,
  `Role_Id` int(11) DEFAULT NULL,
  `UID` varchar(11) DEFAULT NULL,
  PRIMARY KEY (`Auth_Id`) USING BTREE
) ENGINE=InnoDB AUTO_INCREMENT=213 DEFAULT CHARSET=latin1 ROW_FORMAT=COMPACT;

-- ----------------------------
-- Records of Sys_Roleauth
-- ----------------------------
INSERT INTO `Sys_Roleauth` VALUES ('151', 'Search', '2020-05-05 12:05:34', '超级管理员', '30', '超级管理员', '2020-05-05 12:05:34', '2', null);
INSERT INTO `Sys_Roleauth` VALUES ('152', 'Search,Add,Delete,Update,Export', '2020-05-05 12:05:34', '超级管理员', '3', '超级管理员', '2020-05-05 12:05:34', '2', null);
INSERT INTO `Sys_Roleauth` VALUES ('153', 'Search,Add,Delete,Update,Export,Audit', '2020-05-05 12:05:34', '超级管理员', '51', '超级管理员', '2020-05-05 12:05:34', '2', null);
INSERT INTO `Sys_Roleauth` VALUES ('154', 'Search', '2020-05-05 12:05:34', '超级管理员', '59', '超级管理员', '2020-05-05 12:05:34', '2', null);
INSERT INTO `Sys_Roleauth` VALUES ('155', 'Search,Add,Delete,Update,Import,Export,Upload,Audit', '2020-05-05 12:05:34', '超级管理员', '37', '超级管理员', '2020-05-05 12:05:34', '2', null);
INSERT INTO `Sys_Roleauth` VALUES ('156', 'Search', '2020-05-05 12:05:34', '超级管理员', '33', '超级管理员', '2020-05-05 12:05:34', '2', null);
INSERT INTO `Sys_Roleauth` VALUES ('157', 'Search', '2020-05-05 12:05:34', '超级管理员', '24', '超级管理员', '2020-05-05 12:05:34', '2', null);
INSERT INTO `Sys_Roleauth` VALUES ('158', 'Search', '2020-05-05 12:05:34', '超级管理员', '35', '超级管理员', '2020-05-05 12:05:34', '2', null);
INSERT INTO `Sys_Roleauth` VALUES ('159', 'Search', '2020-05-05 12:05:34', '超级管理员', '60', '超级管理员', '2020-05-05 12:05:34', '2', null);
INSERT INTO `Sys_Roleauth` VALUES ('160', 'Search,Add,Update,Export,Audit', '2020-05-05 12:05:34', '超级管理员', '68', '超级管理员', '2020-05-05 12:05:34', '2', null);
INSERT INTO `Sys_Roleauth` VALUES ('161', 'Search', '2020-05-05 12:05:34', '超级管理员', '77', '超级管理员', '2020-05-05 12:05:34', '2', null);
INSERT INTO `Sys_Roleauth` VALUES ('162', 'Search,Add,Delete,Update,Import,Export', '2020-05-05 12:05:34', '超级管理员', '52', '超级管理员', '2020-05-05 12:05:34', '2', null);
INSERT INTO `Sys_Roleauth` VALUES ('163', 'Search', '2020-05-05 12:05:34', '超级管理员', '11', '超级管理员', '2020-05-05 12:05:34', '2', null);
INSERT INTO `Sys_Roleauth` VALUES ('164', 'Search,Add,Delete,Update', '2020-05-05 12:05:34', '超级管理员', '85', '超级管理员', '2020-05-05 12:05:34', '2', null);
INSERT INTO `Sys_Roleauth` VALUES ('165', 'Search', '2020-05-05 12:05:34', '超级管理员', '79', '超级管理员', '2020-05-05 12:05:34', '2', null);
INSERT INTO `Sys_Roleauth` VALUES ('166', 'Search', '2020-05-05 12:05:34', '超级管理员', '86', '超级管理员', '2020-05-05 12:05:34', '2', null);
INSERT INTO `Sys_Roleauth` VALUES ('167', 'Search,Add,Delete,Update,Export,Upload', '2020-05-05 12:05:34', '超级管理员', '67', '超级管理员', '2020-05-05 12:05:34', '2', null);
INSERT INTO `Sys_Roleauth` VALUES ('168', 'Search,Add,Delete,Update', '2020-05-05 12:05:34', '超级管理员', '65', '超级管理员', '2020-05-05 12:05:34', '2', null);
INSERT INTO `Sys_Roleauth` VALUES ('169', 'Search,Add,Update', '2020-05-05 12:05:34', '超级管理员', '62', '超级管理员', '2020-05-05 12:05:34', '2', null);
INSERT INTO `Sys_Roleauth` VALUES ('170', 'Search,Add,Delete,Update,Export', '2020-05-05 12:05:34', '超级管理员', '63', '超级管理员', '2020-05-05 12:05:34', '2', null);
INSERT INTO `Sys_Roleauth` VALUES ('171', 'Search,Add,Delete,Update,Export', '2020-05-05 12:05:34', '超级管理员', '83', '超级管理员', '2020-05-05 12:05:34', '2', null);
INSERT INTO `Sys_Roleauth` VALUES ('172', 'Search', '2020-05-05 12:05:34', '超级管理员', '80', '超级管理员', '2020-05-05 12:05:34', '2', null);
INSERT INTO `Sys_Roleauth` VALUES ('173', 'Search', '2020-05-05 12:05:34', '超级管理员', '81', '超级管理员', '2020-05-05 12:05:34', '2', null);
INSERT INTO `Sys_Roleauth` VALUES ('174', 'Search', '2020-05-05 12:05:34', '超级管理员', '82', '超级管理员', '2020-05-05 12:05:34', '2', null);
INSERT INTO `Sys_Roleauth` VALUES ('175', 'Search,Add,Delete,Update,Export', '2020-05-05 12:05:34', '超级管理员', '42', '超级管理员', '2020-05-05 12:05:34', '2', null);
INSERT INTO `Sys_Roleauth` VALUES ('176', 'Search', '2020-05-05 12:05:34', '超级管理员', '10', '超级管理员', '2020-05-05 12:05:34', '2', null);
INSERT INTO `Sys_Roleauth` VALUES ('177', 'Search,Add,Delete,Update,Import,Export,Upload,Audit', '2020-05-05 12:05:34', '超级管理员', '78', '超级管理员', '2020-05-05 12:05:34', '2', null);
INSERT INTO `Sys_Roleauth` VALUES ('178', 'Search,Delete,Export', '2020-05-05 12:05:34', '超级管理员', '6', '超级管理员', '2020-05-05 12:05:34', '2', null);
INSERT INTO `Sys_Roleauth` VALUES ('179', 'Search,Add,Delete,Update', '2020-05-05 12:05:34', '超级管理员', '50', '超级管理员', '2020-05-05 12:05:34', '2', null);
INSERT INTO `Sys_Roleauth` VALUES ('180', 'Search,Add,Delete,Update,Import,Export', '2020-05-05 12:05:34', '超级管理员', '36', '超级管理员', '2020-05-05 12:05:34', '2', null);
INSERT INTO `Sys_Roleauth` VALUES ('181', 'Search,Add,Delete,Update,Import,Export,Upload,Audit', '2020-05-05 12:05:34', '超级管理员', '9', '超级管理员', '2020-05-05 12:05:34', '2', null);
INSERT INTO `Sys_Roleauth` VALUES ('182', 'Search', '2020-05-05 12:05:34', '超级管理员', '48', '超级管理员', '2020-05-05 12:05:34', '2', null);
INSERT INTO `Sys_Roleauth` VALUES ('183', 'Search', '2020-05-05 12:05:34', '超级管理员', '74', '超级管理员', '2020-05-05 12:05:34', '2', null);
INSERT INTO `Sys_Roleauth` VALUES ('184', 'Search', '2020-05-05 12:05:34', '超级管理员', '56', '超级管理员', '2020-05-05 12:05:34', '2', null);
INSERT INTO `Sys_Roleauth` VALUES ('185', 'Search', '2020-05-05 12:05:34', '超级管理员', '32', '超级管理员', '2020-05-05 12:05:34', '2', null);
INSERT INTO `Sys_Roleauth` VALUES ('186', 'Search', '2020-05-05 12:05:34', '超级管理员', '34', '超级管理员', '2020-05-05 12:05:34', '2', null);
INSERT INTO `Sys_Roleauth` VALUES ('187', 'Search', '2020-05-05 12:05:34', '超级管理员', '12', '超级管理员', '2020-05-05 12:05:34', '2', null);
INSERT INTO `Sys_Roleauth` VALUES ('188', 'Search', '2020-05-05 12:05:34', '超级管理员', '84', '超级管理员', '2020-05-05 12:05:34', '2', null);
INSERT INTO `Sys_Roleauth` VALUES ('189', 'Search', '2020-05-05 12:05:34', '超级管理员', '41', '超级管理员', '2020-05-05 12:05:34', '2', null);
INSERT INTO `Sys_Roleauth` VALUES ('190', 'Search,Add,Delete,Update,Import,Export,Upload,Audit', '2020-05-05 12:05:34', '超级管理员', '28', '超级管理员', '2020-05-05 12:05:34', '2', null);
INSERT INTO `Sys_Roleauth` VALUES ('191', 'Search', '2020-05-05 12:05:34', '超级管理员', '66', '超级管理员', '2020-05-05 12:05:34', '2', null);
INSERT INTO `Sys_Roleauth` VALUES ('192', 'Search', '2020-05-05 12:05:34', '超级管理员', '29', '超级管理员', '2020-05-05 12:05:34', '2', null);
INSERT INTO `Sys_Roleauth` VALUES ('193', 'Search', '2020-05-05 12:05:34', '超级管理员', '72', '超级管理员', '2020-05-05 12:05:34', '2', null);
INSERT INTO `Sys_Roleauth` VALUES ('194', 'Search', '2020-05-05 12:05:34', '超级管理员', '2', '超级管理员', '2020-05-05 12:05:34', '2', null);
INSERT INTO `Sys_Roleauth` VALUES ('195', 'Search', '2020-05-05 12:05:34', '超级管理员', '64', '超级管理员', '2020-05-05 12:05:34', '2', null);
INSERT INTO `Sys_Roleauth` VALUES ('196', 'Search', '2020-05-05 12:05:34', '超级管理员', '61', '超级管理员', '2020-05-05 12:05:34', '2', null);
INSERT INTO `Sys_Roleauth` VALUES ('197', 'Search', '2020-05-05 12:05:34', '超级管理员', '5', '超级管理员', '2020-05-05 12:05:34', '2', null);
INSERT INTO `Sys_Roleauth` VALUES ('198', 'Search,Add,Delete,Update,Import,Export,Upload,Audit', '2020-05-05 12:05:34', '超级管理员', '25', '超级管理员', '2020-05-05 12:05:34', '2', null);
INSERT INTO `Sys_Roleauth` VALUES ('199', 'Search', '2020-05-05 12:05:34', '超级管理员', '26', '超级管理员', '2020-05-05 12:05:34', '2', null);
INSERT INTO `Sys_Roleauth` VALUES ('200', 'Search', '2020-05-05 12:05:34', '超级管理员', '27', '超级管理员', '2020-05-05 12:05:34', '2', null);
INSERT INTO `Sys_Roleauth` VALUES ('201', 'Search,Add,Delete,Update,Import,Export,Upload,Audit', '2020-05-05 12:05:34', '超级管理员', '75', '超级管理员', '2020-05-05 12:05:34', '2', null);
INSERT INTO `Sys_Roleauth` VALUES ('202', 'Search', '2020-05-05 12:05:34', '超级管理员', '57', '超级管理员', '2020-05-05 12:05:34', '2', null);
INSERT INTO `Sys_Roleauth` VALUES ('203', 'Search,Import,Export,Upload', '2020-05-05 12:05:34', '超级管理员', '49', '超级管理员', '2020-05-05 12:05:34', '2', null);
INSERT INTO `Sys_Roleauth` VALUES ('204', 'Search,Update', '2020-05-05 12:05:34', '超级管理员', '71', '超级管理员', '2020-05-05 12:05:34', '2', null);
INSERT INTO `Sys_Roleauth` VALUES ('205', 'Search', '2020-05-05 12:05:34', '超级管理员', '31', '超级管理员', '2020-05-05 12:05:34', '2', null);
INSERT INTO `Sys_Roleauth` VALUES ('206', 'Search', '2020-05-05 12:05:34', '超级管理员', '58', '超级管理员', '2020-05-05 12:05:34', '2', null);
INSERT INTO `Sys_Roleauth` VALUES ('207', 'Search', '2020-05-05 12:05:34', '超级管理员', '73', '超级管理员', '2020-05-05 12:05:34', '2', null);
INSERT INTO `Sys_Roleauth` VALUES ('208', 'Search', '2020-05-19 11:57:47', '演示帐号', '48', '演示帐号', '2020-05-19 11:57:47', '6', null);
INSERT INTO `Sys_Roleauth` VALUES ('209', 'Search', '2020-05-19 11:57:47', '演示帐号', '49', '演示帐号', '2020-05-19 11:57:47', '6', null);
INSERT INTO `Sys_Roleauth` VALUES ('210', 'Search', '2020-05-19 11:57:47', '演示帐号', '50', '演示帐号', '2020-05-19 11:57:47', '6', null);
INSERT INTO `Sys_Roleauth` VALUES ('211', 'Search', '2020-05-19 11:57:47', '演示帐号', '68', '演示帐号', '2020-05-19 11:57:47', '6', null);
INSERT INTO `Sys_Roleauth` VALUES ('212', 'Search', '2020-05-19 11:57:47', '演示帐号', '52', '演示帐号', '2020-05-19 11:57:47', '6', null);

-- ----------------------------
-- Table structure for Sys_Setting
-- ----------------------------
DROP TABLE IF EXISTS `Sys_Setting`;
CREATE TABLE `Sys_Setting` (
  `ID` int(11) NOT NULL AUTO_INCREMENT,
  `Name` varchar(500) NOT NULL,
  `Key` varchar(50) NOT NULL,
  `Value` mediumtext,
  `DataStatus` tinyint(4) NOT NULL DEFAULT '1',
  `CreateTime` datetime NOT NULL DEFAULT CURRENT_TIMESTAMP,
  PRIMARY KEY (`ID`),
  KEY `IDX_AUTOFIELD` (`ID`)
) ENGINE=InnoDB DEFAULT CHARSET=utf8;

-- ----------------------------
-- Records of Sys_Setting
-- ----------------------------

-- ----------------------------
-- Table structure for Sys_User
-- ----------------------------
DROP TABLE IF EXISTS `Sys_User`;
CREATE TABLE `Sys_User` (
  `UID` varchar(38) CHARACTER SET latin1 COLLATE latin1_swedish_ci NOT NULL,
  `Address` varchar(200) CHARACTER SET utf8 COLLATE utf8_general_ci DEFAULT NULL,
  `AppType` int(11) DEFAULT NULL,
  `AuditDate` datetime DEFAULT NULL,
  `AuditStatus` int(11) DEFAULT NULL,
  `Auditor` varchar(200) CHARACTER SET utf8 COLLATE utf8_general_ci DEFAULT NULL,
  `CreateDate` datetime DEFAULT NULL,
  `CreateID` int(11) DEFAULT NULL,
  `Creator` varchar(200) CHARACTER SET utf8 COLLATE utf8_general_ci DEFAULT NULL,
  `DeptName` varchar(150) CHARACTER SET utf8 COLLATE utf8_general_ci DEFAULT NULL,
  `Dept_Id` int(11) DEFAULT NULL,
  `Email` varchar(100) CHARACTER SET utf8 COLLATE utf8_general_ci DEFAULT NULL,
  `Gender` int(1) DEFAULT NULL,
  `HeadImageUrl` varchar(200) CHARACTER SET utf8 COLLATE utf8_general_ci DEFAULT NULL,
  `LastLoginDate` datetime DEFAULT NULL,
  `LastModifyPwdDate` datetime DEFAULT NULL,
  `Mobile` varchar(100) CHARACTER SET utf8 COLLATE utf8_general_ci DEFAULT NULL,
  `Modifier` varchar(200) CHARACTER SET utf8 COLLATE utf8_general_ci DEFAULT NULL,
  `ModifyDate` datetime DEFAULT NULL,
  `ModifyID` int(11) DEFAULT NULL,
  `Sort` int(11) DEFAULT NULL,
  `Role_Id` int(11) NOT NULL,
  `RoleName` varchar(150) CHARACTER SET utf8 COLLATE utf8_general_ci NOT NULL,
  `PhoneNo` varchar(11) CHARACTER SET utf8 COLLATE utf8_general_ci DEFAULT NULL,
  `Remark` varchar(200) CHARACTER SET utf8 COLLATE utf8_general_ci DEFAULT NULL,
  `Tel` varchar(20) CHARACTER SET utf8 COLLATE utf8_general_ci DEFAULT NULL,
  `UserName` varchar(100) CHARACTER SET utf8 COLLATE utf8_general_ci NOT NULL,
  `UserPwd` varchar(200) CHARACTER SET utf8 COLLATE utf8_general_ci DEFAULT NULL,
  `UserTrueName` varchar(20) CHARACTER SET utf8 COLLATE utf8_general_ci NOT NULL,
  `Token` varchar(500) CHARACTER SET utf8 COLLATE utf8_general_ci DEFAULT NULL,
  `DataStatus` tinyint(4) NOT NULL,
  PRIMARY KEY (`UID`) USING BTREE
) ENGINE=InnoDB DEFAULT CHARSET=latin1 ROW_FORMAT=COMPACT;

-- ----------------------------
-- Records of Sys_User
-- ----------------------------
INSERT INTO `Sys_User` VALUES ('3e6ee03d-a183-11ea-8368-0242ac110002', null, null, null, null, null, null, null, null, null, null, null, null, null, null, null, null, null, null, null, '1', '1', '1', null, null, null, 'admin', '123456', 'admin', null, '1');

-- ----------------------------
-- Table structure for wm_order
-- ----------------------------
DROP TABLE IF EXISTS `wm_order`;
CREATE TABLE `wm_order` (
  `ID` int(11) NOT NULL AUTO_INCREMENT,
  `UID` varchar(38) CHARACTER SET utf8 COLLATE utf8_general_ci NOT NULL,
  `BillNo` varchar(50) CHARACTER SET utf8 COLLATE utf8_general_ci NOT NULL COMMENT '账单号',
  `WxOrderNo` varchar(50) DEFAULT NULL COMMENT '微信订单号',
  `OrderStatus` tinyint(4) NOT NULL DEFAULT '1' COMMENT '订单状态(1:代付款,2:待发货,3:待收货.4已完成)',
  `Distribution` tinyint(4) NOT NULL DEFAULT '1' COMMENT '(1 在线支付,2货到付款)',
  `OrderPrice` decimal(10,2) NOT NULL COMMENT '订单价格',
  `CreateTime` datetime NOT NULL,
  `ModifyTime` datetime DEFAULT NULL,
  `Receiver_Name` varchar(30) CHARACTER SET utf8 COLLATE utf8_general_ci NOT NULL COMMENT '收货人姓名',
  `Receiver_Phone` varchar(200) CHARACTER SET utf8 COLLATE utf8_general_ci NOT NULL COMMENT '收货人电话',
  `Receiver_Address` varchar(200) CHARACTER SET utf8 COLLATE utf8_general_ci NOT NULL COMMENT '收货人地址',
  `CustomerMessage` varchar(120) CHARACTER SET utf8 COLLATE utf8_general_ci DEFAULT NULL COMMENT '客戶留言',
  `PayStatus` tinyint(4) NOT NULL DEFAULT '1' COMMENT '支付状态(1:未支付,2:已支付)',
  `DataStatus` tinyint(4) NOT NULL DEFAULT '1' COMMENT '数据状态',
  PRIMARY KEY (`ID`)
) ENGINE=InnoDB AUTO_INCREMENT=4 DEFAULT CHARSET=utf8;

-- ----------------------------
-- Records of wm_order
-- ----------------------------
INSERT INTO `wm_order` VALUES ('3', 'cce47e28-345f-4287-8a97-8194b066ae59', 'SH637211737587953477', '', '1', '1', '1348.00', '2020-03-30 14:02:39', null, 'Xmq', '13242047155', '湖南省长沙市地址地址', 'test', '1', '1');

-- ----------------------------
-- Table structure for wm_order_card
-- ----------------------------
DROP TABLE IF EXISTS `wm_order_card`;
CREATE TABLE `wm_order_card` (
  `ID` int(11) NOT NULL AUTO_INCREMENT,
  `UID` varchar(38) CHARACTER SET utf8 COLLATE utf8_general_ci NOT NULL,
  `Checked` bit(1) NOT NULL DEFAULT b'0',
  `DataStatus` tinyint(4) NOT NULL,
  `CreateTime` datetime NOT NULL,
  `ModifyTime` datetime DEFAULT NULL,
  PRIMARY KEY (`ID`)
) ENGINE=InnoDB DEFAULT CHARSET=utf8;

-- ----------------------------
-- Records of wm_order_card
-- ----------------------------

-- ----------------------------
-- Table structure for wm_order_card_info
-- ----------------------------
DROP TABLE IF EXISTS `wm_order_card_info`;
CREATE TABLE `wm_order_card_info` (
  `ID` int(11) NOT NULL AUTO_INCREMENT,
  `Order_CardID` int(11) NOT NULL COMMENT '购物车ID',
  `ProductID` varchar(38) NOT NULL DEFAULT '1' COMMENT '商品id',
  `Product_Num` int(11) NOT NULL DEFAULT '0' COMMENT '商品数',
  `DataStatus` tinyint(4) NOT NULL COMMENT '数据状态',
  `CreateTime` datetime NOT NULL COMMENT '创建时间',
  `ProductPrice` decimal(18,2) NOT NULL DEFAULT '0.00' COMMENT '商品价格',
  PRIMARY KEY (`ID`)
) ENGINE=InnoDB DEFAULT CHARSET=utf8;

-- ----------------------------
-- Records of wm_order_card_info
-- ----------------------------

-- ----------------------------
-- Table structure for wm_order_info
-- ----------------------------
DROP TABLE IF EXISTS `wm_order_info`;
CREATE TABLE `wm_order_info` (
  `ID` int(11) NOT NULL AUTO_INCREMENT,
  `OrderId` int(11) NOT NULL,
  `Product_Icon` varchar(200) CHARACTER SET utf8 COLLATE utf8_general_ci NOT NULL,
  `Product_Name` varchar(50) CHARACTER SET utf8 COLLATE utf8_general_ci NOT NULL,
  `Product_Price` decimal(18,2) NOT NULL,
  `Product_Num` int(11) NOT NULL DEFAULT '0' COMMENT '数量',
  `DataStauts` tinyint(4) NOT NULL DEFAULT '1',
  `CreateTime` datetime NOT NULL,
  `ProductID` varchar(38) CHARACTER SET utf8 COLLATE utf8_general_ci NOT NULL,
  PRIMARY KEY (`ID`)
) ENGINE=InnoDB AUTO_INCREMENT=2 DEFAULT CHARSET=utf8;

-- ----------------------------
-- Records of wm_order_info
-- ----------------------------
INSERT INTO `wm_order_info` VALUES ('1', '3', 'https://www.gwtyh.com/attachment/images/20/2019/04/godNLHrD8hSZMohSoHrlHilO01LOZ6.jpg', ' 抗旨君A', '1348.00', '1', '1', '2020-03-30 14:02:39', 'd0f92fae-6ff6-11ea-abec-0242ac110002');

-- ----------------------------
-- Table structure for wm_order_logistics
-- ----------------------------
DROP TABLE IF EXISTS `wm_order_logistics`;
CREATE TABLE `wm_order_logistics` (
  `OrderID` varchar(50) CHARACTER SET utf8 COLLATE utf8_general_ci NOT NULL,
  `Logistics_CompanyID` int(11) DEFAULT NULL,
  `Logistics_CompanyCode` varchar(255) CHARACTER SET utf8 COLLATE utf8_general_ci DEFAULT NULL,
  `TrackingNumber` varchar(50) CHARACTER SET utf8 COLLATE utf8_general_ci DEFAULT NULL COMMENT '快递单号',
  `CreateTime` datetime NOT NULL,
  `DeliveryTime` datetime DEFAULT NULL COMMENT '发货时间',
  `ReceivingTime` datetime DEFAULT NULL COMMENT '收货时间',
  PRIMARY KEY (`OrderID`)
) ENGINE=InnoDB DEFAULT CHARSET=utf8;

-- ----------------------------
-- Records of wm_order_logistics
-- ----------------------------

-- ----------------------------
-- Table structure for wm_order_logistics_flow
-- ----------------------------
DROP TABLE IF EXISTS `wm_order_logistics_flow`;
CREATE TABLE `wm_order_logistics_flow` (
  `OrederID` varchar(50) CHARACTER SET utf8 COLLATE utf8_general_ci NOT NULL COMMENT '订单号',
  `TrackingNumber` varchar(50) CHARACTER SET utf8 COLLATE utf8_general_ci NOT NULL COMMENT '订单标号',
  `Logistics_CompanyID` int(11) NOT NULL COMMENT '物流公司标号',
  `Remark` varchar(255) NOT NULL COMMENT '根据第三方接口返回来的结果信息'
) ENGINE=InnoDB DEFAULT CHARSET=utf8;

-- ----------------------------
-- Records of wm_order_logistics_flow
-- ----------------------------

-- ----------------------------
-- Table structure for wm_order_pay_history
-- ----------------------------
DROP TABLE IF EXISTS `wm_order_pay_history`;
CREATE TABLE `wm_order_pay_history` (
  `BillNo` int(11) NOT NULL,
  `PaymentType` int(11) NOT NULL DEFAULT '1' COMMENT '支付方式(1:微信)',
  `Order_Amount` decimal(18,2) NOT NULL,
  `Payment_Amount` varchar(18) CHARACTER SET utf8 COLLATE utf8_general_ci NOT NULL,
  `Pay_Json` varchar(500) NOT NULL,
  `Remark` varchar(500) CHARACTER SET utf8 COLLATE utf8_general_ci DEFAULT NULL,
  `CreateTime` datetime NOT NULL,
  PRIMARY KEY (`BillNo`)
) ENGINE=InnoDB DEFAULT CHARSET=utf8;

-- ----------------------------
-- Records of wm_order_pay_history
-- ----------------------------

-- ----------------------------
-- Table structure for wm_product
-- ----------------------------
DROP TABLE IF EXISTS `wm_product`;
CREATE TABLE `wm_product` (
  `ID` varchar(38) NOT NULL COMMENT '商品ID',
  `Name` varchar(50) CHARACTER SET utf8 COLLATE utf8_general_ci NOT NULL COMMENT '商品名称',
  `Price` decimal(18,2) NOT NULL DEFAULT '0.00' COMMENT '价格',
  `Image` varchar(200) CHARACTER SET utf8 COLLATE utf8_general_ci DEFAULT NULL COMMENT '图片',
  `Sales` int(11) NOT NULL DEFAULT '0' COMMENT '销量',
  `Inventory` int(11) NOT NULL DEFAULT '0' COMMENT '库存',
  `Hot` bit(1) NOT NULL DEFAULT b'0',
  `Icon` varchar(200) CHARACTER SET utf8 COLLATE utf8_general_ci DEFAULT NULL,
  `Sort` int(11) NOT NULL DEFAULT '0',
  `Describe` mediumtext NOT NULL COMMENT '商品描述',
  `Remark` varchar(500) CHARACTER SET utf8 COLLATE utf8_general_ci DEFAULT NULL COMMENT '备注',
  `DataStatus` tinyint(4) NOT NULL,
  `CrateTime` datetime NOT NULL,
  `ModifyTime` datetime DEFAULT NULL,
  `ProductTypeID` int(11) NOT NULL DEFAULT '0' COMMENT '商品分类id',
  PRIMARY KEY (`ID`)
) ENGINE=InnoDB DEFAULT CHARSET=utf8;

-- ----------------------------
-- Records of wm_product
-- ----------------------------
INSERT INTO `wm_product` VALUES ('d0f92fae-6ff6-11ea-abec-0242ac110002', ' 抗旨君A', '1348.00', 'https://www.gwtyh.com/attachment/images/20/2019/04/godNLHrD8hSZMohSoHrlHilO01LOZ6.jpg', '2687', '100', '', 'https://www.gwtyh.com/attachment/images/20/2019/04/godNLHrD8hSZMohSoHrlHilO01LOZ6.jpg', '0', '商品详情', '1', '1', '2020-03-27 14:45:38', null, '1');

-- ----------------------------
-- Table structure for wm_product_tag
-- ----------------------------
DROP TABLE IF EXISTS `wm_product_tag`;
CREATE TABLE `wm_product_tag` (
  `ID` int(11) NOT NULL AUTO_INCREMENT,
  `TagName` varchar(20) NOT NULL,
  `DataStatus` tinyint(4) NOT NULL,
  `CreateTime` datetime NOT NULL,
  `ModifyTime` datetime DEFAULT NULL,
  `Sort` int(11) NOT NULL DEFAULT '0',
  PRIMARY KEY (`ID`)
) ENGINE=InnoDB AUTO_INCREMENT=7 DEFAULT CHARSET=utf8;

-- ----------------------------
-- Records of wm_product_tag
-- ----------------------------
INSERT INTO `wm_product_tag` VALUES ('1', '推荐商品', '1', '2020-03-27 14:49:33', null, '1');
INSERT INTO `wm_product_tag` VALUES ('2', '新品上市', '1', '2020-03-27 14:49:48', null, '2');
INSERT INTO `wm_product_tag` VALUES ('3', '热卖商品', '1', '2020-03-27 14:50:00', null, '3');
INSERT INTO `wm_product_tag` VALUES ('4', '促销商品', '1', '2020-03-27 14:50:46', null, '4');
INSERT INTO `wm_product_tag` VALUES ('5', '卖家包邮', '1', '2020-03-27 14:51:01', null, '5');
INSERT INTO `wm_product_tag` VALUES ('6', '限时抢购', '1', '2020-03-27 14:51:17', null, '6');

-- ----------------------------
-- Table structure for wm_product_type
-- ----------------------------
DROP TABLE IF EXISTS `wm_product_type`;
CREATE TABLE `wm_product_type` (
  `ID` int(11) NOT NULL AUTO_INCREMENT,
  `Name` varchar(50) NOT NULL,
  `DataStatus` tinyint(4) NOT NULL DEFAULT '1',
  `CreateTime` datetime NOT NULL,
  `ModifyTime` datetime DEFAULT NULL,
  `Sort` int(11) NOT NULL DEFAULT '0',
  PRIMARY KEY (`ID`)
) ENGINE=InnoDB AUTO_INCREMENT=3 DEFAULT CHARSET=utf8;

-- ----------------------------
-- Records of wm_product_type
-- ----------------------------
INSERT INTO `wm_product_type` VALUES ('1', '母婴产品', '1', '2020-03-27 14:43:00', null, '1');
INSERT INTO `wm_product_type` VALUES ('2', '减肥代餐', '1', '2020-03-27 14:43:14', null, '2');

-- ----------------------------
-- Table structure for wm_user
-- ----------------------------
DROP TABLE IF EXISTS `wm_user`;
CREATE TABLE `wm_user` (
  `UID` varchar(38) CHARACTER SET utf8 COLLATE utf8_general_ci NOT NULL,
  `Name` varchar(20) DEFAULT NULL,
  `WeChatAppID` varchar(30) CHARACTER SET utf8 COLLATE utf8_general_ci DEFAULT NULL COMMENT '微信appID',
  `BirthDate` datetime DEFAULT NULL,
  `HeadImg` varchar(200) CHARACTER SET utf8 COLLATE utf8_general_ci DEFAULT NULL,
  `Mobile` varchar(255) CHARACTER SET utf8 COLLATE utf8_general_ci NOT NULL COMMENT '手机号',
  `Pwd` varchar(40) CHARACTER SET utf8 COLLATE utf8_general_ci NOT NULL DEFAULT '' COMMENT '密码',
  `Email` varchar(200) CHARACTER SET utf8 COLLATE utf8_general_ci DEFAULT NULL COMMENT '邮箱',
  `Nickname` varchar(20) CHARACTER SET utf8 COLLATE utf8_general_ci DEFAULT NULL COMMENT '昵称',
  `CreateTime` datetime NOT NULL DEFAULT CURRENT_TIMESTAMP,
  `ModifyTime` datetime DEFAULT NULL,
  `DataStatus` tinyint(4) NOT NULL,
  PRIMARY KEY (`UID`)
) ENGINE=InnoDB DEFAULT CHARSET=utf8;

-- ----------------------------
-- Records of wm_user
-- ----------------------------
INSERT INTO `wm_user` VALUES ('19a73053-759c-48dc-9aea-d17402cfd82f', '', '', null, '', '13223333333', 'zTGQmCnbgCpODi9BioQZSw==', '', null, '2020-05-19 14:51:31', null, '1');
INSERT INTO `wm_user` VALUES ('67522c78-4464-4e58-89d7-fd8f372c5be1', '', '', null, '', '13111111111', 'zTGQmCnbgCpODi9BioQZSw==', '', null, '2020-05-19 14:24:24', null, '1');
INSERT INTO `wm_user` VALUES ('8ac49153-1a1d-4100-99b5-92f78b40424d', '', '', null, '', '18599999999', 'zTGQmCnbgCpODi9BioQZSw==', '', null, '2020-05-19 15:23:09', null, '1');
INSERT INTO `wm_user` VALUES ('bc0acb9a-2f4a-451b-aecb-6737beead407', '', '', null, '', '13122222222', 'zTGQmCnbgCpODi9BioQZSw==', '', null, '2020-05-19 14:46:06', null, '1');
INSERT INTO `wm_user` VALUES ('be67296e-4ced-4ae0-a449-1fc83a826e90', '', '', null, '', '13548595938', 'zTGQmCnbgCpODi9BioQZSw==', '', null, '2020-05-19 14:32:49', null, '1');
INSERT INTO `wm_user` VALUES ('cce47e28-345f-4287-8a97-8194b066ae59', '', '', '2020-03-24 09:05:27', 'test111', '13242047155', 'qpe1L1xkRX60/1tCZWZxnA==', '354063818@qq.com', '', '2020-03-24 16:47:07', null, '1');
INSERT INTO `wm_user` VALUES ('da999eff-ea39-48aa-96d4-18375cb4a1aa', '', '', null, '', '18502094290', 'zTGQmCnbgCpODi9BioQZSw==', '', null, '2020-05-19 13:26:05', null, '1');

-- ----------------------------
-- Table structure for wm_user_shopping_address
-- ----------------------------
DROP TABLE IF EXISTS `wm_user_shopping_address`;
CREATE TABLE `wm_user_shopping_address` (
  `ID` int(11) NOT NULL AUTO_INCREMENT,
  `UID` varchar(38) NOT NULL,
  `Receiver_Name` varchar(30) CHARACTER SET utf8 COLLATE utf8_general_ci NOT NULL COMMENT '联系人分名称',
  `Receiver_Phone` varchar(200) CHARACTER SET utf8 COLLATE utf8_general_ci NOT NULL COMMENT '联系人电话',
  `Receiver_Address` varchar(200) CHARACTER SET utf8 COLLATE utf8_general_ci NOT NULL COMMENT '联系人详细地址',
  `Isdef` bit(1) NOT NULL DEFAULT b'0' COMMENT '默认',
  `ProvinceID` int(11) NOT NULL COMMENT '省',
  `CityID` int(11) NOT NULL COMMENT '市',
  `DistrictID` int(11) NOT NULL COMMENT '区',
  `DataStatus` tinyint(4) NOT NULL DEFAULT '1',
  `CreateTime` datetime NOT NULL,
  `ModifyTime` datetime DEFAULT NULL COMMENT '修改时间',
  PRIMARY KEY (`ID`)
) ENGINE=InnoDB DEFAULT CHARSET=utf8;

-- ----------------------------
-- Records of wm_user_shopping_address
-- ----------------------------
INSERT INTO `wm_user_shopping_address` VALUES ('1', 'cce47e28-345f-4287-8a97-8194b066ae59', 'Xmq', '13242047155', '地址地址', '', '18', '187', '0', '1', '2020-03-27 13:51:25', null);
