/*
Navicat MySQL Data Transfer

Source Server         : 192.168.1.131
Source Server Version : 80017
Source Host           : 192.168.1.131:3306
Source Database       : WMDB

Target Server Type    : MYSQL
Target Server Version : 80017
File Encoding         : 65001

Date: 2020-03-27 17:32:25
*/

SET FOREIGN_KEY_CHECKS=0;

-- ----------------------------
-- Table structure for cm_city
-- ----------------------------
DROP TABLE IF EXISTS `cm_city`;
CREATE TABLE `cm_city` (
  `ID` int(11) NOT NULL AUTO_INCREMENT,
  `ProvinceID` int(11) DEFAULT '0',
  `Code` varchar(6) NOT NULL,
  `Name` varchar(500) NOT NULL,
  `FirstChar` varchar(1) NOT NULL DEFAULT 'A',
  `IsHot` bit(1) NOT NULL DEFAULT b'0',
  `Sort` tinyint(4) NOT NULL DEFAULT '100',
  `CreateTime` datetime NOT NULL DEFAULT CURRENT_TIMESTAMP,
  PRIMARY KEY (`ID`),
  KEY `IDX_AUTOFIELD` (`ID`)
) ENGINE=InnoDB AUTO_INCREMENT=369 DEFAULT CHARSET=utf8;

-- ----------------------------
-- Records of cm_city
-- ----------------------------
INSERT INTO `cm_city` VALUES ('1', '1', '110000', '北京市', 'B', '', '1', '2018-03-31 17:03:20');
INSERT INTO `cm_city` VALUES ('2', '2', '120000', '天津市', 'T', '\0', '100', '2018-03-31 17:03:20');
INSERT INTO `cm_city` VALUES ('3', '9', '310000', '上海市', 'S', '', '2', '2018-03-31 17:03:20');
INSERT INTO `cm_city` VALUES ('4', '22', '500000', '重庆市', 'C', '\0', '100', '2018-03-31 17:03:20');
INSERT INTO `cm_city` VALUES ('5', '3', '130100', '石家庄市', 'S', '\0', '100', '2018-03-31 17:03:20');
INSERT INTO `cm_city` VALUES ('6', '3', '130200', '唐山市', 'T', '\0', '100', '2018-03-31 17:03:20');
INSERT INTO `cm_city` VALUES ('7', '3', '130300', '秦皇岛市', 'Q', '\0', '100', '2018-03-31 17:03:20');
INSERT INTO `cm_city` VALUES ('8', '3', '130400', '邯郸市', 'H', '\0', '100', '2018-03-31 17:03:20');
INSERT INTO `cm_city` VALUES ('9', '3', '130500', '邢台市', 'X', '\0', '100', '2018-03-31 17:03:20');
INSERT INTO `cm_city` VALUES ('10', '3', '130600', '保定市', 'B', '\0', '100', '2018-03-31 17:03:20');
INSERT INTO `cm_city` VALUES ('11', '3', '130700', '张家口市', 'Z', '\0', '100', '2018-03-31 17:03:20');
INSERT INTO `cm_city` VALUES ('12', '3', '130800', '承德市', 'C', '\0', '100', '2018-03-31 17:03:20');
INSERT INTO `cm_city` VALUES ('13', '3', '130900', '沧州市', 'C', '\0', '100', '2018-03-31 17:03:20');
INSERT INTO `cm_city` VALUES ('14', '3', '131000', '廊坊市', 'L', '\0', '100', '2018-03-31 17:03:20');
INSERT INTO `cm_city` VALUES ('15', '3', '131100', '衡水市', 'H', '\0', '100', '2018-03-31 17:03:20');
INSERT INTO `cm_city` VALUES ('16', '4', '140100', '太原市', 'T', '\0', '100', '2018-03-31 17:03:20');
INSERT INTO `cm_city` VALUES ('17', '4', '140200', '大同市', 'D', '\0', '100', '2018-03-31 17:03:20');
INSERT INTO `cm_city` VALUES ('18', '4', '140300', '阳泉市', 'Y', '\0', '100', '2018-03-31 17:03:20');
INSERT INTO `cm_city` VALUES ('19', '4', '140400', '长治市', 'C', '\0', '100', '2018-03-31 17:03:20');
INSERT INTO `cm_city` VALUES ('20', '4', '140500', '晋城市', 'J', '\0', '100', '2018-03-31 17:03:20');
INSERT INTO `cm_city` VALUES ('21', '4', '140600', '朔州市', 'S', '\0', '100', '2018-03-31 17:03:20');
INSERT INTO `cm_city` VALUES ('22', '4', '140700', '晋中市', 'J', '\0', '100', '2018-03-31 17:03:20');
INSERT INTO `cm_city` VALUES ('23', '4', '140800', '运城市', 'Y', '\0', '100', '2018-03-31 17:03:20');
INSERT INTO `cm_city` VALUES ('24', '4', '140900', '忻州市', 'X', '\0', '100', '2018-03-31 17:03:20');
INSERT INTO `cm_city` VALUES ('25', '4', '141000', '临汾市', 'L', '\0', '100', '2018-03-31 17:03:20');
INSERT INTO `cm_city` VALUES ('26', '4', '141100', '吕梁市', 'L', '\0', '100', '2018-03-31 17:03:20');
INSERT INTO `cm_city` VALUES ('27', '5', '150100', '呼和浩特市', 'H', '\0', '100', '2018-03-31 17:03:20');
INSERT INTO `cm_city` VALUES ('28', '5', '150200', '包头市', 'B', '\0', '100', '2018-03-31 17:03:20');
INSERT INTO `cm_city` VALUES ('29', '5', '150300', '乌海市', 'W', '\0', '100', '2018-03-31 17:03:20');
INSERT INTO `cm_city` VALUES ('30', '5', '150400', '赤峰市', 'C', '\0', '100', '2018-03-31 17:03:20');
INSERT INTO `cm_city` VALUES ('31', '5', '150500', '通辽市', 'T', '\0', '100', '2018-03-31 17:03:20');
INSERT INTO `cm_city` VALUES ('32', '5', '150600', '鄂尔多斯市', 'E', '\0', '100', '2018-03-31 17:03:20');
INSERT INTO `cm_city` VALUES ('33', '5', '150700', '呼伦贝尔市', 'H', '\0', '100', '2018-03-31 17:03:20');
INSERT INTO `cm_city` VALUES ('34', '5', '150800', '巴彦淖尔市', 'B', '\0', '100', '2018-03-31 17:03:20');
INSERT INTO `cm_city` VALUES ('35', '5', '150900', '乌兰察布市', 'W', '\0', '100', '2018-03-31 17:03:20');
INSERT INTO `cm_city` VALUES ('36', '5', '152200', '兴安盟', 'X', '\0', '100', '2018-03-31 17:03:20');
INSERT INTO `cm_city` VALUES ('37', '5', '152500', '锡林郭勒盟', 'X', '\0', '100', '2018-03-31 17:03:20');
INSERT INTO `cm_city` VALUES ('38', '5', '152900', '阿拉善盟', 'A', '\0', '100', '2018-03-31 17:03:20');
INSERT INTO `cm_city` VALUES ('39', '6', '210100', '沈阳市', 'S', '\0', '100', '2018-03-31 17:03:20');
INSERT INTO `cm_city` VALUES ('40', '6', '210200', '大连市', 'D', '\0', '100', '2018-03-31 17:03:20');
INSERT INTO `cm_city` VALUES ('41', '6', '210300', '鞍山市', 'A', '\0', '100', '2018-03-31 17:03:20');
INSERT INTO `cm_city` VALUES ('42', '6', '210400', '抚顺市', 'F', '\0', '100', '2018-03-31 17:03:20');
INSERT INTO `cm_city` VALUES ('43', '6', '210500', '本溪市', 'B', '\0', '100', '2018-03-31 17:03:20');
INSERT INTO `cm_city` VALUES ('44', '6', '210600', '丹东市', 'D', '\0', '100', '2018-03-31 17:03:20');
INSERT INTO `cm_city` VALUES ('45', '6', '210700', '锦州市', 'J', '\0', '100', '2018-03-31 17:03:20');
INSERT INTO `cm_city` VALUES ('46', '6', '210800', '营口市', 'Y', '\0', '100', '2018-03-31 17:03:20');
INSERT INTO `cm_city` VALUES ('47', '6', '210900', '阜新市', 'F', '\0', '100', '2018-03-31 17:03:20');
INSERT INTO `cm_city` VALUES ('48', '6', '211000', '辽阳市', 'L', '\0', '100', '2018-03-31 17:03:20');
INSERT INTO `cm_city` VALUES ('49', '6', '211100', '盘锦市', 'P', '\0', '100', '2018-03-31 17:03:20');
INSERT INTO `cm_city` VALUES ('50', '6', '211200', '铁岭市', 'T', '\0', '100', '2018-03-31 17:03:20');
INSERT INTO `cm_city` VALUES ('51', '6', '211300', '朝阳市', 'C', '\0', '100', '2018-03-31 17:03:20');
INSERT INTO `cm_city` VALUES ('52', '6', '211400', '葫芦岛市', 'H', '\0', '100', '2018-03-31 17:03:20');
INSERT INTO `cm_city` VALUES ('53', '7', '220100', '长春市', 'C', '\0', '100', '2018-03-31 17:03:20');
INSERT INTO `cm_city` VALUES ('54', '7', '220200', '吉林市', 'J', '\0', '100', '2018-03-31 17:03:20');
INSERT INTO `cm_city` VALUES ('55', '7', '220300', '四平市', 'S', '\0', '100', '2018-03-31 17:03:20');
INSERT INTO `cm_city` VALUES ('56', '7', '220400', '辽源市', 'L', '\0', '100', '2018-03-31 17:03:20');
INSERT INTO `cm_city` VALUES ('57', '7', '220500', '通化市', 'T', '\0', '100', '2018-03-31 17:03:20');
INSERT INTO `cm_city` VALUES ('58', '7', '220600', '白山市', 'B', '\0', '100', '2018-03-31 17:03:20');
INSERT INTO `cm_city` VALUES ('59', '7', '220700', '松原市', 'S', '\0', '100', '2018-03-31 17:03:20');
INSERT INTO `cm_city` VALUES ('60', '7', '220800', '白城市', 'B', '\0', '100', '2018-03-31 17:03:20');
INSERT INTO `cm_city` VALUES ('61', '7', '222400', '延边朝鲜族自治州', 'Y', '\0', '100', '2018-03-31 17:03:20');
INSERT INTO `cm_city` VALUES ('62', '8', '230100', '哈尔滨市', 'H', '\0', '100', '2018-03-31 17:03:20');
INSERT INTO `cm_city` VALUES ('63', '8', '230200', '齐齐哈尔市', 'Q', '\0', '100', '2018-03-31 17:03:20');
INSERT INTO `cm_city` VALUES ('64', '8', '230300', '鸡西市', 'J', '\0', '100', '2018-03-31 17:03:20');
INSERT INTO `cm_city` VALUES ('65', '8', '230400', '鹤岗市', 'H', '\0', '100', '2018-03-31 17:03:20');
INSERT INTO `cm_city` VALUES ('66', '8', '230500', '双鸭山市', 'S', '\0', '100', '2018-03-31 17:03:20');
INSERT INTO `cm_city` VALUES ('67', '8', '230600', '大庆市', 'D', '\0', '100', '2018-03-31 17:03:20');
INSERT INTO `cm_city` VALUES ('68', '8', '230700', '伊春市', 'Y', '\0', '100', '2018-03-31 17:03:20');
INSERT INTO `cm_city` VALUES ('69', '8', '230800', '佳木斯市', 'J', '\0', '100', '2018-03-31 17:03:20');
INSERT INTO `cm_city` VALUES ('70', '8', '230900', '七台河市', 'Q', '\0', '100', '2018-03-31 17:03:20');
INSERT INTO `cm_city` VALUES ('71', '8', '231000', '牡丹江市', 'M', '\0', '100', '2018-03-31 17:03:20');
INSERT INTO `cm_city` VALUES ('72', '8', '231100', '黑河市', 'H', '\0', '100', '2018-03-31 17:03:20');
INSERT INTO `cm_city` VALUES ('73', '8', '231200', '绥化市', 'S', '\0', '100', '2018-03-31 17:03:20');
INSERT INTO `cm_city` VALUES ('74', '8', '232700', '大兴安岭地区', 'D', '\0', '100', '2018-03-31 17:03:20');
INSERT INTO `cm_city` VALUES ('75', '10', '320100', '南京市', 'N', '\0', '100', '2018-03-31 17:03:20');
INSERT INTO `cm_city` VALUES ('76', '10', '320200', '无锡市', 'W', '\0', '100', '2018-03-31 17:03:20');
INSERT INTO `cm_city` VALUES ('77', '10', '320300', '徐州市', 'X', '\0', '100', '2018-03-31 17:03:20');
INSERT INTO `cm_city` VALUES ('78', '10', '320400', '常州市', 'C', '\0', '100', '2018-03-31 17:03:20');
INSERT INTO `cm_city` VALUES ('79', '10', '320500', '苏州市', 'S', '\0', '100', '2018-03-31 17:03:20');
INSERT INTO `cm_city` VALUES ('80', '10', '320600', '南通市', 'N', '\0', '100', '2018-03-31 17:03:20');
INSERT INTO `cm_city` VALUES ('81', '10', '320700', '连云港市', 'L', '\0', '100', '2018-03-31 17:03:20');
INSERT INTO `cm_city` VALUES ('82', '10', '320800', '淮安市', 'H', '\0', '100', '2018-03-31 17:03:20');
INSERT INTO `cm_city` VALUES ('83', '10', '320900', '盐城市', 'Y', '\0', '100', '2018-03-31 17:03:20');
INSERT INTO `cm_city` VALUES ('84', '10', '321000', '扬州市', 'Y', '\0', '100', '2018-03-31 17:03:20');
INSERT INTO `cm_city` VALUES ('85', '10', '321100', '镇江市', 'Z', '\0', '100', '2018-03-31 17:03:20');
INSERT INTO `cm_city` VALUES ('86', '10', '321200', '泰州市', 'T', '\0', '100', '2018-03-31 17:03:20');
INSERT INTO `cm_city` VALUES ('87', '10', '321300', '宿迁市', 'S', '\0', '100', '2018-03-31 17:03:20');
INSERT INTO `cm_city` VALUES ('88', '11', '330100', '杭州市', 'H', '\0', '100', '2018-03-31 17:03:20');
INSERT INTO `cm_city` VALUES ('89', '11', '330200', '宁波市', 'N', '\0', '100', '2018-03-31 17:03:20');
INSERT INTO `cm_city` VALUES ('90', '11', '330300', '温州市', 'W', '\0', '100', '2018-03-31 17:03:20');
INSERT INTO `cm_city` VALUES ('91', '11', '330400', '嘉兴市', 'J', '\0', '100', '2018-03-31 17:03:20');
INSERT INTO `cm_city` VALUES ('92', '11', '330500', '湖州市', 'H', '\0', '100', '2018-03-31 17:03:20');
INSERT INTO `cm_city` VALUES ('93', '11', '330600', '绍兴市', 'S', '\0', '100', '2018-03-31 17:03:20');
INSERT INTO `cm_city` VALUES ('94', '11', '330700', '金华市', 'J', '\0', '100', '2018-03-31 17:03:20');
INSERT INTO `cm_city` VALUES ('95', '11', '330800', '衢州市', 'Q', '\0', '100', '2018-03-31 17:03:20');
INSERT INTO `cm_city` VALUES ('96', '11', '330900', '舟山市', 'Z', '\0', '100', '2018-03-31 17:03:20');
INSERT INTO `cm_city` VALUES ('97', '11', '331000', '台州市', 'T', '\0', '100', '2018-03-31 17:03:20');
INSERT INTO `cm_city` VALUES ('98', '11', '331100', '丽水市', 'L', '\0', '100', '2018-03-31 17:03:20');
INSERT INTO `cm_city` VALUES ('99', '12', '340100', '合肥市', 'H', '\0', '100', '2018-03-31 17:03:20');
INSERT INTO `cm_city` VALUES ('100', '12', '340200', '芜湖市', 'W', '\0', '100', '2018-03-31 17:03:20');
INSERT INTO `cm_city` VALUES ('101', '12', '340300', '蚌埠市', 'B', '\0', '100', '2018-03-31 17:03:20');
INSERT INTO `cm_city` VALUES ('102', '12', '340400', '淮南市', 'H', '\0', '100', '2018-03-31 17:03:20');
INSERT INTO `cm_city` VALUES ('103', '12', '340500', '马鞍山市', 'M', '\0', '100', '2018-03-31 17:03:20');
INSERT INTO `cm_city` VALUES ('104', '12', '340600', '淮北市', 'H', '\0', '100', '2018-03-31 17:03:20');
INSERT INTO `cm_city` VALUES ('105', '12', '340700', '铜陵市', 'T', '\0', '100', '2018-03-31 17:03:20');
INSERT INTO `cm_city` VALUES ('106', '12', '340800', '安庆市', 'A', '\0', '100', '2018-03-31 17:03:20');
INSERT INTO `cm_city` VALUES ('107', '12', '341000', '黄山市', 'H', '\0', '100', '2018-03-31 17:03:20');
INSERT INTO `cm_city` VALUES ('108', '12', '341100', '滁州市', 'C', '\0', '100', '2018-03-31 17:03:20');
INSERT INTO `cm_city` VALUES ('109', '12', '341200', '阜阳市', 'F', '\0', '100', '2018-03-31 17:03:20');
INSERT INTO `cm_city` VALUES ('110', '12', '341300', '宿州市', 'S', '\0', '100', '2018-03-31 17:03:20');
INSERT INTO `cm_city` VALUES ('111', '12', '341500', '六安市', 'L', '\0', '100', '2018-03-31 17:03:20');
INSERT INTO `cm_city` VALUES ('112', '12', '341600', '亳州市', 'B', '\0', '100', '2018-03-31 17:03:20');
INSERT INTO `cm_city` VALUES ('113', '12', '341700', '池州市', 'C', '\0', '100', '2018-03-31 17:03:20');
INSERT INTO `cm_city` VALUES ('114', '12', '341800', '宣城市', 'X', '\0', '100', '2018-03-31 17:03:20');
INSERT INTO `cm_city` VALUES ('115', '13', '350100', '福州市', 'F', '\0', '100', '2018-03-31 17:03:20');
INSERT INTO `cm_city` VALUES ('116', '13', '350200', '厦门市', 'X', '\0', '100', '2018-03-31 17:03:20');
INSERT INTO `cm_city` VALUES ('117', '13', '350300', '莆田市', 'P', '\0', '100', '2018-03-31 17:03:20');
INSERT INTO `cm_city` VALUES ('118', '13', '350400', '三明市', 'S', '\0', '100', '2018-03-31 17:03:20');
INSERT INTO `cm_city` VALUES ('119', '13', '350500', '泉州市', 'Q', '\0', '100', '2018-03-31 17:03:20');
INSERT INTO `cm_city` VALUES ('120', '13', '350600', '漳州市', 'Z', '\0', '100', '2018-03-31 17:03:20');
INSERT INTO `cm_city` VALUES ('121', '13', '350700', '南平市', 'N', '\0', '100', '2018-03-31 17:03:20');
INSERT INTO `cm_city` VALUES ('122', '13', '350800', '龙岩市', 'L', '\0', '100', '2018-03-31 17:03:20');
INSERT INTO `cm_city` VALUES ('123', '13', '350900', '宁德市', 'N', '\0', '100', '2018-03-31 17:03:20');
INSERT INTO `cm_city` VALUES ('124', '14', '360100', '南昌市', 'N', '\0', '100', '2018-03-31 17:03:20');
INSERT INTO `cm_city` VALUES ('125', '14', '360200', '景德镇市', 'J', '\0', '100', '2018-03-31 17:03:20');
INSERT INTO `cm_city` VALUES ('126', '14', '360300', '萍乡市', 'P', '\0', '100', '2018-03-31 17:03:20');
INSERT INTO `cm_city` VALUES ('127', '14', '360400', '九江市', 'J', '\0', '100', '2018-03-31 17:03:20');
INSERT INTO `cm_city` VALUES ('128', '14', '360500', '新余市', 'X', '\0', '100', '2018-03-31 17:03:20');
INSERT INTO `cm_city` VALUES ('129', '14', '360600', '鹰潭市', 'Y', '\0', '100', '2018-03-31 17:03:20');
INSERT INTO `cm_city` VALUES ('130', '14', '360700', '赣州市', 'G', '\0', '100', '2018-03-31 17:03:20');
INSERT INTO `cm_city` VALUES ('131', '14', '360800', '吉安市', 'J', '\0', '100', '2018-03-31 17:03:20');
INSERT INTO `cm_city` VALUES ('132', '14', '360900', '宜春市', 'Y', '\0', '100', '2018-03-31 17:03:20');
INSERT INTO `cm_city` VALUES ('133', '14', '361000', '抚州市', 'F', '\0', '100', '2018-03-31 17:03:20');
INSERT INTO `cm_city` VALUES ('134', '14', '361100', '上饶市', 'S', '\0', '100', '2018-03-31 17:03:20');
INSERT INTO `cm_city` VALUES ('135', '15', '370100', '济南市', 'J', '\0', '100', '2018-03-31 17:03:20');
INSERT INTO `cm_city` VALUES ('136', '15', '370200', '青岛市', 'Q', '\0', '100', '2018-03-31 17:03:20');
INSERT INTO `cm_city` VALUES ('137', '15', '370300', '淄博市', 'Z', '\0', '100', '2018-03-31 17:03:20');
INSERT INTO `cm_city` VALUES ('138', '15', '370400', '枣庄市', 'Z', '\0', '100', '2018-03-31 17:03:20');
INSERT INTO `cm_city` VALUES ('139', '15', '370500', '东营市', 'D', '\0', '100', '2018-03-31 17:03:20');
INSERT INTO `cm_city` VALUES ('140', '15', '370600', '烟台市', 'Y', '\0', '100', '2018-03-31 17:03:20');
INSERT INTO `cm_city` VALUES ('141', '15', '370700', '潍坊市', 'W', '\0', '100', '2018-03-31 17:03:20');
INSERT INTO `cm_city` VALUES ('142', '15', '370800', '济宁市', 'J', '\0', '100', '2018-03-31 17:03:20');
INSERT INTO `cm_city` VALUES ('143', '15', '370900', '泰安市', 'T', '\0', '100', '2018-03-31 17:03:20');
INSERT INTO `cm_city` VALUES ('144', '15', '371000', '威海市', 'W', '\0', '100', '2018-03-31 17:03:20');
INSERT INTO `cm_city` VALUES ('145', '15', '371100', '日照市', 'R', '\0', '100', '2018-03-31 17:03:20');
INSERT INTO `cm_city` VALUES ('146', '15', '371200', '莱芜市', 'L', '\0', '100', '2018-03-31 17:03:20');
INSERT INTO `cm_city` VALUES ('147', '15', '371300', '临沂市', 'L', '\0', '100', '2018-03-31 17:03:20');
INSERT INTO `cm_city` VALUES ('148', '15', '371400', '德州市', 'D', '\0', '100', '2018-03-31 17:03:20');
INSERT INTO `cm_city` VALUES ('149', '15', '371500', '聊城市', 'L', '\0', '100', '2018-03-31 17:03:20');
INSERT INTO `cm_city` VALUES ('150', '15', '371600', '滨州市', 'B', '\0', '100', '2018-03-31 17:03:20');
INSERT INTO `cm_city` VALUES ('151', '15', '371700', '菏泽市', 'H', '\0', '100', '2018-03-31 17:03:20');
INSERT INTO `cm_city` VALUES ('152', '16', '410100', '郑州市', 'Z', '\0', '100', '2018-03-31 17:03:20');
INSERT INTO `cm_city` VALUES ('153', '16', '410200', '开封市', 'K', '\0', '100', '2018-03-31 17:03:20');
INSERT INTO `cm_city` VALUES ('154', '16', '410300', '洛阳市', 'L', '\0', '100', '2018-03-31 17:03:20');
INSERT INTO `cm_city` VALUES ('155', '16', '410400', '平顶山市', 'P', '\0', '100', '2018-03-31 17:03:20');
INSERT INTO `cm_city` VALUES ('156', '16', '410500', '安阳市', 'A', '\0', '100', '2018-03-31 17:03:20');
INSERT INTO `cm_city` VALUES ('157', '16', '410600', '鹤壁市', 'H', '\0', '100', '2018-03-31 17:03:20');
INSERT INTO `cm_city` VALUES ('158', '16', '410700', '新乡市', 'X', '\0', '100', '2018-03-31 17:03:20');
INSERT INTO `cm_city` VALUES ('159', '16', '410800', '焦作市', 'J', '\0', '100', '2018-03-31 17:03:20');
INSERT INTO `cm_city` VALUES ('160', '16', '410900', '濮阳市', 'P', '\0', '100', '2018-03-31 17:03:20');
INSERT INTO `cm_city` VALUES ('161', '16', '411000', '许昌市', 'X', '\0', '100', '2018-03-31 17:03:20');
INSERT INTO `cm_city` VALUES ('162', '16', '411100', '漯河市', 'L', '\0', '100', '2018-03-31 17:03:20');
INSERT INTO `cm_city` VALUES ('163', '16', '411200', '三门峡市', 'S', '\0', '100', '2018-03-31 17:03:20');
INSERT INTO `cm_city` VALUES ('164', '16', '411300', '南阳市', 'N', '\0', '100', '2018-03-31 17:03:20');
INSERT INTO `cm_city` VALUES ('165', '16', '411400', '商丘市', 'S', '\0', '100', '2018-03-31 17:03:20');
INSERT INTO `cm_city` VALUES ('166', '16', '411500', '信阳市', 'X', '\0', '100', '2018-03-31 17:03:20');
INSERT INTO `cm_city` VALUES ('167', '16', '411600', '周口市', 'Z', '\0', '100', '2018-03-31 17:03:20');
INSERT INTO `cm_city` VALUES ('168', '16', '411700', '驻马店市', 'Z', '\0', '100', '2018-03-31 17:03:20');
INSERT INTO `cm_city` VALUES ('169', '16', '419001', '济源市', 'J', '\0', '100', '2018-03-31 17:03:20');
INSERT INTO `cm_city` VALUES ('170', '17', '420100', '武汉市', 'W', '\0', '100', '2018-03-31 17:03:20');
INSERT INTO `cm_city` VALUES ('171', '17', '420200', '黄石市', 'H', '\0', '100', '2018-03-31 17:03:20');
INSERT INTO `cm_city` VALUES ('172', '17', '420300', '十堰市', 'S', '\0', '100', '2018-03-31 17:03:20');
INSERT INTO `cm_city` VALUES ('173', '17', '420500', '宜昌市', 'Y', '\0', '100', '2018-03-31 17:03:20');
INSERT INTO `cm_city` VALUES ('174', '17', '420600', '襄阳市', 'X', '\0', '100', '2018-03-31 17:03:20');
INSERT INTO `cm_city` VALUES ('175', '17', '420700', '鄂州市', 'E', '\0', '100', '2018-03-31 17:03:20');
INSERT INTO `cm_city` VALUES ('176', '17', '420800', '荆门市', 'J', '\0', '100', '2018-03-31 17:03:20');
INSERT INTO `cm_city` VALUES ('177', '17', '420900', '孝感市', 'X', '\0', '100', '2018-03-31 17:03:20');
INSERT INTO `cm_city` VALUES ('178', '17', '421000', '荆州市', 'J', '\0', '100', '2018-03-31 17:03:20');
INSERT INTO `cm_city` VALUES ('179', '17', '421100', '黄冈市', 'H', '\0', '100', '2018-03-31 17:03:20');
INSERT INTO `cm_city` VALUES ('180', '17', '421200', '咸宁市', 'X', '\0', '100', '2018-03-31 17:03:20');
INSERT INTO `cm_city` VALUES ('181', '17', '421300', '随州市', 'S', '\0', '100', '2018-03-31 17:03:20');
INSERT INTO `cm_city` VALUES ('182', '17', '422800', '恩施土家族苗族自治州', 'E', '\0', '100', '2018-03-31 17:03:20');
INSERT INTO `cm_city` VALUES ('183', '17', '429004', '仙桃市', 'X', '\0', '100', '2018-03-31 17:03:20');
INSERT INTO `cm_city` VALUES ('184', '17', '429005', '潜江市', 'Q', '\0', '100', '2018-03-31 17:03:20');
INSERT INTO `cm_city` VALUES ('185', '17', '429006', '天门市', 'T', '\0', '100', '2018-03-31 17:03:20');
INSERT INTO `cm_city` VALUES ('186', '17', '429021', '神农架林区', 'S', '\0', '100', '2018-03-31 17:03:20');
INSERT INTO `cm_city` VALUES ('187', '18', '430100', '长沙市', 'C', '\0', '100', '2018-03-31 17:03:20');
INSERT INTO `cm_city` VALUES ('188', '18', '430200', '株洲市', 'Z', '\0', '100', '2018-03-31 17:03:20');
INSERT INTO `cm_city` VALUES ('189', '18', '430300', '湘潭市', 'X', '\0', '100', '2018-03-31 17:03:20');
INSERT INTO `cm_city` VALUES ('190', '18', '430400', '衡阳市', 'H', '\0', '100', '2018-03-31 17:03:20');
INSERT INTO `cm_city` VALUES ('191', '18', '430500', '邵阳市', 'S', '\0', '100', '2018-03-31 17:03:20');
INSERT INTO `cm_city` VALUES ('192', '18', '430600', '岳阳市', 'Y', '\0', '100', '2018-03-31 17:03:20');
INSERT INTO `cm_city` VALUES ('193', '18', '430700', '常德市', 'C', '\0', '100', '2018-03-31 17:03:20');
INSERT INTO `cm_city` VALUES ('194', '18', '430800', '张家界市', 'Z', '\0', '100', '2018-03-31 17:03:20');
INSERT INTO `cm_city` VALUES ('195', '18', '430900', '益阳市', 'Y', '\0', '100', '2018-03-31 17:03:20');
INSERT INTO `cm_city` VALUES ('196', '18', '431000', '郴州市', 'C', '\0', '100', '2018-03-31 17:03:20');
INSERT INTO `cm_city` VALUES ('197', '18', '431100', '永州市', 'Y', '\0', '100', '2018-03-31 17:03:20');
INSERT INTO `cm_city` VALUES ('198', '18', '431200', '怀化市', 'H', '\0', '100', '2018-03-31 17:03:20');
INSERT INTO `cm_city` VALUES ('199', '18', '431300', '娄底市', 'L', '\0', '100', '2018-03-31 17:03:20');
INSERT INTO `cm_city` VALUES ('200', '18', '433100', '湘西土家族苗族自治州', 'X', '\0', '100', '2018-03-31 17:03:20');
INSERT INTO `cm_city` VALUES ('201', '19', '440100', '广州市', 'G', '', '3', '2018-03-31 17:03:20');
INSERT INTO `cm_city` VALUES ('202', '19', '440200', '韶关市', 'S', '\0', '100', '2018-03-31 17:03:20');
INSERT INTO `cm_city` VALUES ('203', '19', '440300', '深圳市', 'S', '', '4', '2018-03-31 17:03:20');
INSERT INTO `cm_city` VALUES ('204', '19', '440400', '珠海市', 'Z', '\0', '100', '2018-03-31 17:03:20');
INSERT INTO `cm_city` VALUES ('205', '19', '440500', '汕头市', 'S', '\0', '100', '2018-03-31 17:03:20');
INSERT INTO `cm_city` VALUES ('206', '19', '440600', '佛山市', 'F', '\0', '100', '2018-03-31 17:03:20');
INSERT INTO `cm_city` VALUES ('207', '19', '440700', '江门市', 'J', '\0', '100', '2018-03-31 17:03:20');
INSERT INTO `cm_city` VALUES ('208', '19', '440800', '湛江市', 'Z', '\0', '100', '2018-03-31 17:03:20');
INSERT INTO `cm_city` VALUES ('209', '19', '440900', '茂名市', 'M', '\0', '100', '2018-03-31 17:03:20');
INSERT INTO `cm_city` VALUES ('210', '19', '441200', '肇庆市', 'Z', '\0', '100', '2018-03-31 17:03:20');
INSERT INTO `cm_city` VALUES ('211', '19', '441300', '惠州市', 'H', '\0', '100', '2018-03-31 17:03:20');
INSERT INTO `cm_city` VALUES ('212', '19', '441400', '梅州市', 'M', '\0', '100', '2018-03-31 17:03:20');
INSERT INTO `cm_city` VALUES ('213', '19', '441500', '汕尾市', 'S', '\0', '100', '2018-03-31 17:03:20');
INSERT INTO `cm_city` VALUES ('214', '19', '441600', '河源市', 'H', '\0', '100', '2018-03-31 17:03:20');
INSERT INTO `cm_city` VALUES ('215', '19', '441700', '阳江市', 'Y', '\0', '100', '2018-03-31 17:03:20');
INSERT INTO `cm_city` VALUES ('216', '19', '441800', '清远市', 'Q', '\0', '100', '2018-03-31 17:03:20');
INSERT INTO `cm_city` VALUES ('217', '19', '441900', '东莞市', 'D', '\0', '100', '2018-03-31 17:03:20');
INSERT INTO `cm_city` VALUES ('218', '19', '442000', '中山市', 'Z', '\0', '100', '2018-03-31 17:03:20');
INSERT INTO `cm_city` VALUES ('219', '19', '445100', '潮州市', 'C', '\0', '100', '2018-03-31 17:03:20');
INSERT INTO `cm_city` VALUES ('220', '19', '445200', '揭阳市', 'J', '\0', '100', '2018-03-31 17:03:20');
INSERT INTO `cm_city` VALUES ('221', '19', '445300', '云浮市', 'Y', '\0', '100', '2018-03-31 17:03:20');
INSERT INTO `cm_city` VALUES ('222', '20', '450100', '南宁市', 'N', '\0', '100', '2018-03-31 17:03:20');
INSERT INTO `cm_city` VALUES ('223', '20', '450200', '柳州市', 'L', '\0', '100', '2018-03-31 17:03:20');
INSERT INTO `cm_city` VALUES ('224', '20', '450300', '桂林市', 'G', '\0', '100', '2018-03-31 17:03:20');
INSERT INTO `cm_city` VALUES ('225', '20', '450400', '梧州市', 'W', '\0', '100', '2018-03-31 17:03:20');
INSERT INTO `cm_city` VALUES ('226', '20', '450500', '北海市', 'B', '\0', '100', '2018-03-31 17:03:20');
INSERT INTO `cm_city` VALUES ('227', '20', '450600', '防城港市', 'F', '\0', '100', '2018-03-31 17:03:20');
INSERT INTO `cm_city` VALUES ('228', '20', '450700', '钦州市', 'Q', '\0', '100', '2018-03-31 17:03:20');
INSERT INTO `cm_city` VALUES ('229', '20', '450800', '贵港市', 'G', '\0', '100', '2018-03-31 17:03:20');
INSERT INTO `cm_city` VALUES ('230', '20', '450900', '玉林市', 'Y', '\0', '100', '2018-03-31 17:03:20');
INSERT INTO `cm_city` VALUES ('231', '20', '451000', '百色市', 'B', '\0', '100', '2018-03-31 17:03:20');
INSERT INTO `cm_city` VALUES ('232', '20', '451100', '贺州市', 'H', '\0', '100', '2018-03-31 17:03:20');
INSERT INTO `cm_city` VALUES ('233', '20', '451200', '河池市', 'H', '\0', '100', '2018-03-31 17:03:20');
INSERT INTO `cm_city` VALUES ('234', '20', '451300', '来宾市', 'L', '\0', '100', '2018-03-31 17:03:20');
INSERT INTO `cm_city` VALUES ('235', '20', '451400', '崇左市', 'C', '\0', '100', '2018-03-31 17:03:20');
INSERT INTO `cm_city` VALUES ('236', '21', '460100', '海口市', 'H', '\0', '100', '2018-03-31 17:03:20');
INSERT INTO `cm_city` VALUES ('237', '21', '460200', '三亚市', 'S', '\0', '100', '2018-03-31 17:03:20');
INSERT INTO `cm_city` VALUES ('238', '21', '460300', '三沙市', 'S', '\0', '100', '2018-03-31 17:03:20');
INSERT INTO `cm_city` VALUES ('239', '21', '460400', '儋州市', 'D', '\0', '100', '2018-03-31 17:03:20');
INSERT INTO `cm_city` VALUES ('240', '21', '469001', '五指山市', 'W', '\0', '100', '2018-03-31 17:03:20');
INSERT INTO `cm_city` VALUES ('241', '21', '469002', '琼海市', 'Q', '\0', '100', '2018-03-31 17:03:20');
INSERT INTO `cm_city` VALUES ('242', '21', '469005', '文昌市', 'W', '\0', '100', '2018-03-31 17:03:20');
INSERT INTO `cm_city` VALUES ('243', '21', '469006', '万宁市', 'W', '\0', '100', '2018-03-31 17:03:20');
INSERT INTO `cm_city` VALUES ('244', '21', '469007', '东方市', 'D', '\0', '100', '2018-03-31 17:03:20');
INSERT INTO `cm_city` VALUES ('245', '21', '469021', '定安县', 'D', '\0', '100', '2018-03-31 17:03:20');
INSERT INTO `cm_city` VALUES ('246', '21', '469022', '屯昌县', 'T', '\0', '100', '2018-03-31 17:03:20');
INSERT INTO `cm_city` VALUES ('247', '21', '469023', '澄迈县', 'C', '\0', '100', '2018-03-31 17:03:20');
INSERT INTO `cm_city` VALUES ('248', '21', '469024', '临高县', 'L', '\0', '100', '2018-03-31 17:03:20');
INSERT INTO `cm_city` VALUES ('249', '21', '469025', '白沙黎族自治县', 'B', '\0', '100', '2018-03-31 17:03:20');
INSERT INTO `cm_city` VALUES ('250', '21', '469026', '昌江黎族自治县', 'C', '\0', '100', '2018-03-31 17:03:20');
INSERT INTO `cm_city` VALUES ('251', '21', '469027', '乐东黎族自治县', 'L', '\0', '100', '2018-03-31 17:03:20');
INSERT INTO `cm_city` VALUES ('252', '21', '469028', '陵水黎族自治县', 'L', '\0', '100', '2018-03-31 17:03:20');
INSERT INTO `cm_city` VALUES ('253', '21', '469029', '保亭黎族苗族自治县', 'B', '\0', '100', '2018-03-31 17:03:20');
INSERT INTO `cm_city` VALUES ('254', '21', '469030', '琼中黎族苗族自治县', 'Q', '\0', '100', '2018-03-31 17:03:20');
INSERT INTO `cm_city` VALUES ('255', '23', '510100', '成都市', 'C', '\0', '100', '2018-03-31 17:03:20');
INSERT INTO `cm_city` VALUES ('256', '23', '510300', '自贡市', 'Z', '\0', '100', '2018-03-31 17:03:20');
INSERT INTO `cm_city` VALUES ('257', '23', '510400', '攀枝花市', 'P', '\0', '100', '2018-03-31 17:03:20');
INSERT INTO `cm_city` VALUES ('258', '23', '510500', '泸州市', 'L', '\0', '100', '2018-03-31 17:03:20');
INSERT INTO `cm_city` VALUES ('259', '23', '510600', '德阳市', 'D', '\0', '100', '2018-03-31 17:03:20');
INSERT INTO `cm_city` VALUES ('260', '23', '510700', '绵阳市', 'M', '\0', '100', '2018-03-31 17:03:20');
INSERT INTO `cm_city` VALUES ('261', '23', '510800', '广元市', 'G', '\0', '100', '2018-03-31 17:03:20');
INSERT INTO `cm_city` VALUES ('262', '23', '510900', '遂宁市', 'S', '\0', '100', '2018-03-31 17:03:20');
INSERT INTO `cm_city` VALUES ('263', '23', '511000', '内江市', 'N', '\0', '100', '2018-03-31 17:03:20');
INSERT INTO `cm_city` VALUES ('264', '23', '511100', '乐山市', 'L', '\0', '100', '2018-03-31 17:03:20');
INSERT INTO `cm_city` VALUES ('265', '23', '511300', '南充市', 'N', '\0', '100', '2018-03-31 17:03:20');
INSERT INTO `cm_city` VALUES ('266', '23', '511400', '眉山市', 'M', '\0', '100', '2018-03-31 17:03:20');
INSERT INTO `cm_city` VALUES ('267', '23', '511500', '宜宾市', 'Y', '\0', '100', '2018-03-31 17:03:20');
INSERT INTO `cm_city` VALUES ('268', '23', '511600', '广安市', 'G', '\0', '100', '2018-03-31 17:03:20');
INSERT INTO `cm_city` VALUES ('269', '23', '511700', '达州市', 'D', '\0', '100', '2018-03-31 17:03:20');
INSERT INTO `cm_city` VALUES ('270', '23', '511800', '雅安市', 'Y', '\0', '100', '2018-03-31 17:03:20');
INSERT INTO `cm_city` VALUES ('271', '23', '511900', '巴中市', 'B', '\0', '100', '2018-03-31 17:03:20');
INSERT INTO `cm_city` VALUES ('272', '23', '512000', '资阳市', 'Z', '\0', '100', '2018-03-31 17:03:20');
INSERT INTO `cm_city` VALUES ('273', '23', '513200', '阿坝藏族羌族自治州', 'A', '\0', '100', '2018-03-31 17:03:20');
INSERT INTO `cm_city` VALUES ('274', '23', '513300', '甘孜藏族自治州', 'G', '\0', '100', '2018-03-31 17:03:20');
INSERT INTO `cm_city` VALUES ('275', '23', '513400', '凉山彝族自治州', 'L', '\0', '100', '2018-03-31 17:03:20');
INSERT INTO `cm_city` VALUES ('276', '24', '520100', '贵阳市', 'G', '\0', '100', '2018-03-31 17:03:20');
INSERT INTO `cm_city` VALUES ('277', '24', '520200', '六盘水市', 'L', '\0', '100', '2018-03-31 17:03:20');
INSERT INTO `cm_city` VALUES ('278', '24', '520300', '遵义市', 'Z', '\0', '100', '2018-03-31 17:03:20');
INSERT INTO `cm_city` VALUES ('279', '24', '520400', '安顺市', 'A', '\0', '100', '2018-03-31 17:03:20');
INSERT INTO `cm_city` VALUES ('280', '24', '520500', '毕节市', 'B', '\0', '100', '2018-03-31 17:03:20');
INSERT INTO `cm_city` VALUES ('281', '24', '520600', '铜仁市', 'T', '\0', '100', '2018-03-31 17:03:20');
INSERT INTO `cm_city` VALUES ('282', '24', '522300', '黔西南布依族苗族自治州', 'Q', '\0', '100', '2018-03-31 17:03:20');
INSERT INTO `cm_city` VALUES ('283', '24', '522600', '黔东南苗族侗族自治州', 'Q', '\0', '100', '2018-03-31 17:03:20');
INSERT INTO `cm_city` VALUES ('284', '24', '522700', '黔南布依族苗族自治州', 'Q', '\0', '100', '2018-03-31 17:03:20');
INSERT INTO `cm_city` VALUES ('285', '25', '530100', '昆明市', 'K', '\0', '100', '2018-03-31 17:03:20');
INSERT INTO `cm_city` VALUES ('286', '25', '530300', '曲靖市', 'Q', '\0', '100', '2018-03-31 17:03:20');
INSERT INTO `cm_city` VALUES ('287', '25', '530400', '玉溪市', 'Y', '\0', '100', '2018-03-31 17:03:20');
INSERT INTO `cm_city` VALUES ('288', '25', '530500', '保山市', 'B', '\0', '100', '2018-03-31 17:03:20');
INSERT INTO `cm_city` VALUES ('289', '25', '530600', '昭通市', 'Z', '\0', '100', '2018-03-31 17:03:20');
INSERT INTO `cm_city` VALUES ('290', '25', '530700', '丽江市', 'L', '\0', '100', '2018-03-31 17:03:20');
INSERT INTO `cm_city` VALUES ('291', '25', '530800', '普洱市', 'P', '\0', '100', '2018-03-31 17:03:20');
INSERT INTO `cm_city` VALUES ('292', '25', '530900', '临沧市', 'L', '\0', '100', '2018-03-31 17:03:20');
INSERT INTO `cm_city` VALUES ('293', '25', '532300', '楚雄彝族自治州', 'C', '\0', '100', '2018-03-31 17:03:20');
INSERT INTO `cm_city` VALUES ('294', '25', '532500', '红河哈尼族彝族自治州', 'H', '\0', '100', '2018-03-31 17:03:20');
INSERT INTO `cm_city` VALUES ('295', '25', '532600', '文山壮族苗族自治州', 'W', '\0', '100', '2018-03-31 17:03:20');
INSERT INTO `cm_city` VALUES ('296', '25', '532800', '西双版纳傣族自治州', 'X', '\0', '100', '2018-03-31 17:03:20');
INSERT INTO `cm_city` VALUES ('297', '25', '532900', '大理白族自治州', 'D', '\0', '100', '2018-03-31 17:03:20');
INSERT INTO `cm_city` VALUES ('298', '25', '533100', '德宏傣族景颇族自治州', 'D', '\0', '100', '2018-03-31 17:03:20');
INSERT INTO `cm_city` VALUES ('299', '25', '533300', '怒江傈僳族自治州', 'N', '\0', '100', '2018-03-31 17:03:20');
INSERT INTO `cm_city` VALUES ('300', '25', '533400', '迪庆藏族自治州', 'D', '\0', '100', '2018-03-31 17:03:20');
INSERT INTO `cm_city` VALUES ('301', '26', '540100', '拉萨市', 'L', '\0', '100', '2018-03-31 17:03:20');
INSERT INTO `cm_city` VALUES ('302', '26', '540200', '日喀则市', 'R', '\0', '100', '2018-03-31 17:03:20');
INSERT INTO `cm_city` VALUES ('303', '26', '540300', '昌都市', 'C', '\0', '100', '2018-03-31 17:03:20');
INSERT INTO `cm_city` VALUES ('304', '26', '540400', '林芝市', 'L', '\0', '100', '2018-03-31 17:03:20');
INSERT INTO `cm_city` VALUES ('305', '26', '540500', '山南市', 'S', '\0', '100', '2018-03-31 17:03:20');
INSERT INTO `cm_city` VALUES ('306', '26', '540600', '那曲市', 'N', '\0', '100', '2018-03-31 17:03:20');
INSERT INTO `cm_city` VALUES ('307', '26', '542500', '阿里地区', 'A', '\0', '100', '2018-03-31 17:03:20');
INSERT INTO `cm_city` VALUES ('308', '27', '610100', '西安市', 'X', '\0', '100', '2018-03-31 17:03:20');
INSERT INTO `cm_city` VALUES ('309', '27', '610200', '铜川市', 'T', '\0', '100', '2018-03-31 17:03:20');
INSERT INTO `cm_city` VALUES ('310', '27', '610300', '宝鸡市', 'B', '\0', '100', '2018-03-31 17:03:20');
INSERT INTO `cm_city` VALUES ('311', '27', '610400', '咸阳市', 'X', '\0', '100', '2018-03-31 17:03:20');
INSERT INTO `cm_city` VALUES ('312', '27', '610500', '渭南市', 'W', '\0', '100', '2018-03-31 17:03:20');
INSERT INTO `cm_city` VALUES ('313', '27', '610600', '延安市', 'Y', '\0', '100', '2018-03-31 17:03:20');
INSERT INTO `cm_city` VALUES ('314', '27', '610700', '汉中市', 'H', '\0', '100', '2018-03-31 17:03:20');
INSERT INTO `cm_city` VALUES ('315', '27', '610800', '榆林市', 'Y', '\0', '100', '2018-03-31 17:03:20');
INSERT INTO `cm_city` VALUES ('316', '27', '610900', '安康市', 'A', '\0', '100', '2018-03-31 17:03:20');
INSERT INTO `cm_city` VALUES ('317', '27', '611000', '商洛市', 'S', '\0', '100', '2018-03-31 17:03:20');
INSERT INTO `cm_city` VALUES ('318', '28', '620100', '兰州市', 'L', '\0', '100', '2018-03-31 17:03:20');
INSERT INTO `cm_city` VALUES ('319', '28', '620200', '嘉峪关市', 'J', '\0', '100', '2018-03-31 17:03:20');
INSERT INTO `cm_city` VALUES ('320', '28', '620300', '金昌市', 'J', '\0', '100', '2018-03-31 17:03:20');
INSERT INTO `cm_city` VALUES ('321', '28', '620400', '白银市', 'B', '\0', '100', '2018-03-31 17:03:20');
INSERT INTO `cm_city` VALUES ('322', '28', '620500', '天水市', 'T', '\0', '100', '2018-03-31 17:03:20');
INSERT INTO `cm_city` VALUES ('323', '28', '620600', '武威市', 'W', '\0', '100', '2018-03-31 17:03:20');
INSERT INTO `cm_city` VALUES ('324', '28', '620700', '张掖市', 'Z', '\0', '100', '2018-03-31 17:03:20');
INSERT INTO `cm_city` VALUES ('325', '28', '620800', '平凉市', 'P', '\0', '100', '2018-03-31 17:03:20');
INSERT INTO `cm_city` VALUES ('326', '28', '620900', '酒泉市', 'J', '\0', '100', '2018-03-31 17:03:20');
INSERT INTO `cm_city` VALUES ('327', '28', '621000', '庆阳市', 'Q', '\0', '100', '2018-03-31 17:03:20');
INSERT INTO `cm_city` VALUES ('328', '28', '621100', '定西市', 'D', '\0', '100', '2018-03-31 17:03:20');
INSERT INTO `cm_city` VALUES ('329', '28', '621200', '陇南市', 'L', '\0', '100', '2018-03-31 17:03:20');
INSERT INTO `cm_city` VALUES ('330', '28', '622900', '临夏回族自治州', 'L', '\0', '100', '2018-03-31 17:03:20');
INSERT INTO `cm_city` VALUES ('331', '28', '623000', '甘南藏族自治州', 'G', '\0', '100', '2018-03-31 17:03:20');
INSERT INTO `cm_city` VALUES ('332', '29', '630100', '西宁市', 'X', '\0', '100', '2018-03-31 17:03:20');
INSERT INTO `cm_city` VALUES ('333', '29', '630200', '海东市', 'H', '\0', '100', '2018-03-31 17:03:20');
INSERT INTO `cm_city` VALUES ('334', '29', '632200', '海北藏族自治州', 'H', '\0', '100', '2018-03-31 17:03:20');
INSERT INTO `cm_city` VALUES ('335', '29', '632300', '黄南藏族自治州', 'H', '\0', '100', '2018-03-31 17:03:20');
INSERT INTO `cm_city` VALUES ('336', '29', '632500', '海南藏族自治州', 'H', '\0', '100', '2018-03-31 17:03:20');
INSERT INTO `cm_city` VALUES ('337', '29', '632600', '果洛藏族自治州', 'G', '\0', '100', '2018-03-31 17:03:20');
INSERT INTO `cm_city` VALUES ('338', '29', '632700', '玉树藏族自治州', 'Y', '\0', '100', '2018-03-31 17:03:20');
INSERT INTO `cm_city` VALUES ('339', '29', '632800', '海西蒙古族藏族自治州', 'H', '\0', '100', '2018-03-31 17:03:20');
INSERT INTO `cm_city` VALUES ('340', '30', '640100', '银川市', 'Y', '\0', '100', '2018-03-31 17:03:20');
INSERT INTO `cm_city` VALUES ('341', '30', '640200', '石嘴山市', 'S', '\0', '100', '2018-03-31 17:03:20');
INSERT INTO `cm_city` VALUES ('342', '30', '640300', '吴忠市', 'W', '\0', '100', '2018-03-31 17:03:20');
INSERT INTO `cm_city` VALUES ('343', '30', '640400', '固原市', 'G', '\0', '100', '2018-03-31 17:03:20');
INSERT INTO `cm_city` VALUES ('344', '30', '640500', '中卫市', 'Z', '\0', '100', '2018-03-31 17:03:20');
INSERT INTO `cm_city` VALUES ('345', '31', '650100', '乌鲁木齐市', 'W', '\0', '100', '2018-03-31 17:03:20');
INSERT INTO `cm_city` VALUES ('346', '31', '650200', '克拉玛依市', 'K', '\0', '100', '2018-03-31 17:03:20');
INSERT INTO `cm_city` VALUES ('347', '31', '650400', '吐鲁番市', 'T', '\0', '100', '2018-03-31 17:03:20');
INSERT INTO `cm_city` VALUES ('348', '31', '650500', '哈密市', 'H', '\0', '100', '2018-03-31 17:03:20');
INSERT INTO `cm_city` VALUES ('349', '31', '652300', '昌吉回族自治州', 'C', '\0', '100', '2018-03-31 17:03:20');
INSERT INTO `cm_city` VALUES ('350', '31', '652700', '博尔塔拉蒙古自治州', 'B', '\0', '100', '2018-03-31 17:03:20');
INSERT INTO `cm_city` VALUES ('351', '31', '652800', '巴音郭楞蒙古自治州', 'B', '\0', '100', '2018-03-31 17:03:20');
INSERT INTO `cm_city` VALUES ('352', '31', '652900', '阿克苏地区', 'A', '\0', '100', '2018-03-31 17:03:20');
INSERT INTO `cm_city` VALUES ('353', '31', '653000', '克孜勒苏柯尔克孜自治州', 'K', '\0', '100', '2018-03-31 17:03:20');
INSERT INTO `cm_city` VALUES ('354', '31', '653100', '喀什地区', 'K', '\0', '100', '2018-03-31 17:03:20');
INSERT INTO `cm_city` VALUES ('355', '31', '653200', '和田地区', 'H', '\0', '100', '2018-03-31 17:03:20');
INSERT INTO `cm_city` VALUES ('356', '31', '654000', '伊犁哈萨克自治州', 'Y', '\0', '100', '2018-03-31 17:03:20');
INSERT INTO `cm_city` VALUES ('357', '31', '654200', '塔城地区', 'T', '\0', '100', '2018-03-31 17:03:20');
INSERT INTO `cm_city` VALUES ('358', '31', '654300', '阿勒泰地区', 'A', '\0', '100', '2018-03-31 17:03:20');
INSERT INTO `cm_city` VALUES ('359', '31', '659001', '石河子市', 'S', '\0', '100', '2018-03-31 17:03:20');
INSERT INTO `cm_city` VALUES ('360', '31', '659002', '阿拉尔市', 'A', '\0', '100', '2018-03-31 17:03:20');
INSERT INTO `cm_city` VALUES ('361', '31', '659003', '图木舒克市', 'T', '\0', '100', '2018-03-31 17:03:20');
INSERT INTO `cm_city` VALUES ('362', '31', '659004', '五家渠市', 'W', '\0', '100', '2018-03-31 17:03:20');
INSERT INTO `cm_city` VALUES ('363', '31', '659005', '北屯市', 'B', '\0', '100', '2018-03-31 17:03:20');
INSERT INTO `cm_city` VALUES ('364', '31', '659006', '铁门关市', 'T', '\0', '100', '2018-03-31 17:03:20');
INSERT INTO `cm_city` VALUES ('365', '31', '659007', '双河市', 'S', '\0', '100', '2018-03-31 17:03:20');
INSERT INTO `cm_city` VALUES ('366', '31', '659008', '可克达拉市', 'K', '\0', '100', '2018-03-31 17:03:20');
INSERT INTO `cm_city` VALUES ('367', '31', '659009', '昆玉市', 'K', '\0', '100', '2018-03-31 17:03:20');
INSERT INTO `cm_city` VALUES ('368', '10', '321400', '江阴市', 'j', '\0', '100', '2018-03-31 17:03:20');

-- ----------------------------
-- Table structure for cm_province
-- ----------------------------
DROP TABLE IF EXISTS `cm_province`;
CREATE TABLE `cm_province` (
  `ID` int(11) NOT NULL AUTO_INCREMENT,
  `Code` varchar(6) NOT NULL,
  `Name` varchar(500) NOT NULL,
  `CreateTime` datetime NOT NULL DEFAULT CURRENT_TIMESTAMP,
  PRIMARY KEY (`ID`),
  KEY `IDX_AUTOFIELD` (`ID`)
) ENGINE=InnoDB AUTO_INCREMENT=35 DEFAULT CHARSET=utf8;

-- ----------------------------
-- Records of cm_province
-- ----------------------------
INSERT INTO `cm_province` VALUES ('1', '110000', '北京市', '2018-03-31 17:03:20');
INSERT INTO `cm_province` VALUES ('2', '120000', '天津市', '2018-03-31 17:03:20');
INSERT INTO `cm_province` VALUES ('3', '130000', '河北省', '2018-03-31 17:03:20');
INSERT INTO `cm_province` VALUES ('4', '140000', '山西省', '2018-03-31 17:03:20');
INSERT INTO `cm_province` VALUES ('5', '150000', '内蒙古自治区', '2018-03-31 17:03:20');
INSERT INTO `cm_province` VALUES ('6', '210000', '辽宁省', '2018-03-31 17:03:20');
INSERT INTO `cm_province` VALUES ('7', '220000', '吉林省', '2018-03-31 17:03:20');
INSERT INTO `cm_province` VALUES ('8', '230000', '黑龙江省', '2018-03-31 17:03:20');
INSERT INTO `cm_province` VALUES ('9', '310000', '上海市', '2018-03-31 17:03:20');
INSERT INTO `cm_province` VALUES ('10', '320000', '江苏省', '2018-03-31 17:03:20');
INSERT INTO `cm_province` VALUES ('11', '330000', '浙江省', '2018-03-31 17:03:20');
INSERT INTO `cm_province` VALUES ('12', '340000', '安徽省', '2018-03-31 17:03:20');
INSERT INTO `cm_province` VALUES ('13', '350000', '福建省', '2018-03-31 17:03:20');
INSERT INTO `cm_province` VALUES ('14', '360000', '江西省', '2018-03-31 17:03:20');
INSERT INTO `cm_province` VALUES ('15', '370000', '山东省', '2018-03-31 17:03:20');
INSERT INTO `cm_province` VALUES ('16', '410000', '河南省', '2018-03-31 17:03:20');
INSERT INTO `cm_province` VALUES ('17', '420000', '湖北省', '2018-03-31 17:03:20');
INSERT INTO `cm_province` VALUES ('18', '430000', '湖南省', '2018-03-31 17:03:20');
INSERT INTO `cm_province` VALUES ('19', '440000', '广东省', '2018-03-31 17:03:20');
INSERT INTO `cm_province` VALUES ('20', '450000', '广西壮族自治区', '2018-03-31 17:03:20');
INSERT INTO `cm_province` VALUES ('21', '460000', '海南省', '2018-03-31 17:03:20');
INSERT INTO `cm_province` VALUES ('22', '500000', '重庆市', '2018-03-31 17:03:20');
INSERT INTO `cm_province` VALUES ('23', '510000', '四川省', '2018-03-31 17:03:20');
INSERT INTO `cm_province` VALUES ('24', '520000', '贵州省', '2018-03-31 17:03:20');
INSERT INTO `cm_province` VALUES ('25', '530000', '云南省', '2018-03-31 17:03:20');
INSERT INTO `cm_province` VALUES ('26', '540000', '西藏自治区', '2018-03-31 17:03:20');
INSERT INTO `cm_province` VALUES ('27', '610000', '陕西省', '2018-03-31 17:03:20');
INSERT INTO `cm_province` VALUES ('28', '620000', '甘肃省', '2018-03-31 17:03:20');
INSERT INTO `cm_province` VALUES ('29', '630000', '青海省', '2018-03-31 17:03:20');
INSERT INTO `cm_province` VALUES ('30', '640000', '宁夏回族自治区', '2018-03-31 17:03:20');
INSERT INTO `cm_province` VALUES ('31', '650000', '新疆维吾尔自治区', '2018-03-31 17:03:20');
INSERT INTO `cm_province` VALUES ('32', '710000', '台湾省', '2018-03-31 17:03:20');
INSERT INTO `cm_province` VALUES ('33', '810000', '香港特别行政区', '2018-03-31 17:03:20');
INSERT INTO `cm_province` VALUES ('34', '820000', '澳门特别行政区', '2018-03-31 17:03:20');

-- ----------------------------
-- Table structure for cm_setting
-- ----------------------------
DROP TABLE IF EXISTS `cm_setting`;
CREATE TABLE `cm_setting` (
  `ID` int(11) NOT NULL AUTO_INCREMENT,
  `Name` varchar(500) NOT NULL,
  `Key` varchar(50) NOT NULL,
  `Value` mediumtext,
  `DataStatus` tinyint(4) NOT NULL DEFAULT '1',
  `CreateTime` datetime NOT NULL DEFAULT CURRENT_TIMESTAMP,
  PRIMARY KEY (`ID`),
  KEY `IDX_AUTOFIELD` (`ID`)
) ENGINE=InnoDB DEFAULT CHARSET=utf8;

-- ----------------------------
-- Records of cm_setting
-- ----------------------------

-- ----------------------------
-- Table structure for r_product_tag
-- ----------------------------
DROP TABLE IF EXISTS `r_product_tag`;
CREATE TABLE `r_product_tag` (
  `ID` int(11) NOT NULL AUTO_INCREMENT,
  `ProductID` varchar(38) NOT NULL,
  `Product_TagID` int(11) NOT NULL,
  `CreateTime` datetime NOT NULL,
  PRIMARY KEY (`ID`)
) ENGINE=InnoDB DEFAULT CHARSET=utf8;

-- ----------------------------
-- Records of r_product_tag
-- ----------------------------

-- ----------------------------
-- Table structure for wm_order
-- ----------------------------
DROP TABLE IF EXISTS `wm_order`;
CREATE TABLE `wm_order` (
  `ID` int(11) NOT NULL AUTO_INCREMENT,
  `UID` varchar(30) CHARACTER SET utf8 COLLATE utf8_general_ci NOT NULL,
  `BillNo` varchar(50) CHARACTER SET utf8 COLLATE utf8_general_ci DEFAULT NULL COMMENT '账单号',
  `WxOrderNo` varchar(50) DEFAULT NULL COMMENT '微信订单号',
  `Oredstatus` tinyint(4) DEFAULT NULL COMMENT '订单状态',
  `Distribution` tinyint(4) DEFAULT '1' COMMENT '(1 在线支付,2货到付款)',
  `OrderPrice` decimal(10,2) DEFAULT NULL COMMENT '订单价格',
  `CreateTime` datetime NOT NULL,
  `ModifyTime` datetime DEFAULT NULL,
  `Receiver_Name` varchar(30) DEFAULT NULL COMMENT '收货人姓名',
  `Receiver_Phone` varchar(200) CHARACTER SET utf8 COLLATE utf8_general_ci DEFAULT NULL COMMENT '收货人电话',
  `Receiver_Address` varchar(200) CHARACTER SET utf8 COLLATE utf8_general_ci DEFAULT NULL COMMENT '收货人地址',
  PRIMARY KEY (`ID`)
) ENGINE=InnoDB DEFAULT CHARSET=utf8;

-- ----------------------------
-- Records of wm_order
-- ----------------------------

-- ----------------------------
-- Table structure for wm_order_card
-- ----------------------------
DROP TABLE IF EXISTS `wm_order_card`;
CREATE TABLE `wm_order_card` (
  `ID` int(11) NOT NULL,
  `UID` varchar(38) CHARACTER SET utf8 COLLATE utf8_general_ci NOT NULL,
  `Checked` bit(1) NOT NULL DEFAULT b'0',
  `DataStauts` tinyint(4) NOT NULL,
  `CreateTime` datetime NOT NULL,
  `ModifyTime` datetime DEFAULT NULL,
  PRIMARY KEY (`ID`)
) ENGINE=InnoDB DEFAULT CHARSET=utf8;

-- ----------------------------
-- Records of wm_order_card
-- ----------------------------

-- ----------------------------
-- Table structure for wm_order_card_info
-- ----------------------------
DROP TABLE IF EXISTS `wm_order_card_info`;
CREATE TABLE `wm_order_card_info` (
  `ID` int(11) NOT NULL AUTO_INCREMENT,
  `Order_CardID` int(11) NOT NULL COMMENT '购物车ID',
  `ProductID` varchar(38) NOT NULL DEFAULT '1' COMMENT '商品id',
  `Product_Num` int(11) NOT NULL DEFAULT '0' COMMENT '商品数',
  `DataStatus` tinyint(4) NOT NULL COMMENT '数据状态',
  `CreateTime` datetime NOT NULL COMMENT '创建时间',
  PRIMARY KEY (`ID`)
) ENGINE=InnoDB DEFAULT CHARSET=utf8;

-- ----------------------------
-- Records of wm_order_card_info
-- ----------------------------

-- ----------------------------
-- Table structure for wm_order_info
-- ----------------------------
DROP TABLE IF EXISTS `wm_order_info`;
CREATE TABLE `wm_order_info` (
  `ID` int(11) NOT NULL AUTO_INCREMENT,
  `OrderId` int(11) NOT NULL,
  `Product_Icon` varchar(200) CHARACTER SET utf8 COLLATE utf8_general_ci NOT NULL,
  `Product_Name` varchar(255) CHARACTER SET utf8 COLLATE utf8_general_ci NOT NULL,
  `Product_Price` decimal(18,2) NOT NULL,
  `DataStauts` tinyint(4) NOT NULL DEFAULT '1',
  `CreateTime` datetime NOT NULL,
  PRIMARY KEY (`ID`)
) ENGINE=InnoDB DEFAULT CHARSET=utf8;

-- ----------------------------
-- Records of wm_order_info
-- ----------------------------

-- ----------------------------
-- Table structure for wm_order_logistics
-- ----------------------------
DROP TABLE IF EXISTS `wm_order_logistics`;
CREATE TABLE `wm_order_logistics` (
  `OrderID` varchar(50) CHARACTER SET utf8 COLLATE utf8_general_ci NOT NULL,
  `Logistics_CompanyID` int(11) DEFAULT NULL,
  `Logistics_CompanyCode` varchar(255) CHARACTER SET utf8 COLLATE utf8_general_ci DEFAULT NULL,
  `TrackingNumber` varchar(50) CHARACTER SET utf8 COLLATE utf8_general_ci DEFAULT NULL COMMENT '快递单号',
  `CreateTime` datetime NOT NULL,
  `DeliveryTime` datetime DEFAULT NULL COMMENT '发货时间',
  `ReceivingTime` datetime DEFAULT NULL COMMENT '收货时间',
  PRIMARY KEY (`OrderID`)
) ENGINE=InnoDB DEFAULT CHARSET=utf8;

-- ----------------------------
-- Records of wm_order_logistics
-- ----------------------------

-- ----------------------------
-- Table structure for wm_order_logistics_flow
-- ----------------------------
DROP TABLE IF EXISTS `wm_order_logistics_flow`;
CREATE TABLE `wm_order_logistics_flow` (
  `OrederID` varchar(50) CHARACTER SET utf8 COLLATE utf8_general_ci NOT NULL COMMENT '订单号',
  `TrackingNumber` varchar(50) CHARACTER SET utf8 COLLATE utf8_general_ci NOT NULL COMMENT '订单标号',
  `Logistics_CompanyID` int(11) NOT NULL COMMENT '物流公司标号',
  `Remark` varchar(255) NOT NULL COMMENT '根据第三方接口返回来的结果信息'
) ENGINE=InnoDB DEFAULT CHARSET=utf8;

-- ----------------------------
-- Records of wm_order_logistics_flow
-- ----------------------------

-- ----------------------------
-- Table structure for wm_order_pay_history
-- ----------------------------
DROP TABLE IF EXISTS `wm_order_pay_history`;
CREATE TABLE `wm_order_pay_history` (
  `BillNo` int(11) NOT NULL,
  `PaymentType` int(11) NOT NULL DEFAULT '1' COMMENT '支付方式(1:微信)',
  `Order_Amount` decimal(18,2) NOT NULL,
  `Payment_Amount` varchar(18) CHARACTER SET utf8 COLLATE utf8_general_ci NOT NULL,
  `Pay_Json` varchar(500) NOT NULL,
  `Remark` varchar(500) CHARACTER SET utf8 COLLATE utf8_general_ci DEFAULT NULL,
  `CreateTime` datetime NOT NULL,
  PRIMARY KEY (`BillNo`)
) ENGINE=InnoDB DEFAULT CHARSET=utf8;

-- ----------------------------
-- Records of wm_order_pay_history
-- ----------------------------

-- ----------------------------
-- Table structure for wm_product
-- ----------------------------
DROP TABLE IF EXISTS `wm_product`;
CREATE TABLE `wm_product` (
  `ID` varchar(38) NOT NULL COMMENT '商品ID',
  `Name` varchar(50) CHARACTER SET utf8 COLLATE utf8_general_ci NOT NULL COMMENT '商品名称',
  `Price` decimal(18,2) NOT NULL DEFAULT '0.00' COMMENT '价格',
  `Image` varchar(200) CHARACTER SET utf8 COLLATE utf8_general_ci DEFAULT NULL COMMENT '图片',
  `Sales` int(11) NOT NULL DEFAULT '0' COMMENT '销量',
  `Inventory` int(11) NOT NULL DEFAULT '0' COMMENT '库存',
  `Hot` bit(1) NOT NULL DEFAULT b'0',
  `Icon` varchar(200) CHARACTER SET utf8 COLLATE utf8_general_ci DEFAULT NULL,
  `Sort` int(11) NOT NULL DEFAULT '0',
  `Describe` mediumtext NOT NULL COMMENT '商品描述',
  `Remark` varchar(500) CHARACTER SET utf8 COLLATE utf8_general_ci DEFAULT NULL COMMENT '备注',
  `DataStatus` tinyint(4) NOT NULL,
  `CrateTime` datetime NOT NULL,
  `ModifyTime` datetime DEFAULT NULL,
  `ProductTypeID` int(11) NOT NULL DEFAULT '0' COMMENT '商品分类id',
  PRIMARY KEY (`ID`)
) ENGINE=InnoDB DEFAULT CHARSET=utf8;

-- ----------------------------
-- Records of wm_product
-- ----------------------------
INSERT INTO `wm_product` VALUES ('d0f92fae-6ff6-11ea-abec-0242ac110002', ' 抗旨君A', '1348.00', 'https://www.gwtyh.com/attachment/images/20/2019/04/godNLHrD8hSZMohSoHrlHilO01LOZ6.jpg', '2687', '100', '', 'https://www.gwtyh.com/attachment/images/20/2019/04/godNLHrD8hSZMohSoHrlHilO01LOZ6.jpg', '0', '商品详情', '1', '1', '2020-03-27 14:45:38', null, '1');

-- ----------------------------
-- Table structure for wm_product_tag
-- ----------------------------
DROP TABLE IF EXISTS `wm_product_tag`;
CREATE TABLE `wm_product_tag` (
  `ID` int(11) NOT NULL AUTO_INCREMENT,
  `TagName` varchar(20) NOT NULL,
  `DataStatus` tinyint(4) NOT NULL,
  `CreateTime` datetime NOT NULL,
  `ModifyTime` datetime DEFAULT NULL,
  `Sort` int(11) NOT NULL DEFAULT '0',
  PRIMARY KEY (`ID`)
) ENGINE=InnoDB AUTO_INCREMENT=7 DEFAULT CHARSET=utf8;

-- ----------------------------
-- Records of wm_product_tag
-- ----------------------------
INSERT INTO `wm_product_tag` VALUES ('1', '推荐商品', '1', '2020-03-27 14:49:33', null, '1');
INSERT INTO `wm_product_tag` VALUES ('2', '新品上市', '1', '2020-03-27 14:49:48', null, '2');
INSERT INTO `wm_product_tag` VALUES ('3', '热卖商品', '1', '2020-03-27 14:50:00', null, '3');
INSERT INTO `wm_product_tag` VALUES ('4', '促销商品', '1', '2020-03-27 14:50:46', null, '4');
INSERT INTO `wm_product_tag` VALUES ('5', '卖家包邮', '1', '2020-03-27 14:51:01', null, '5');
INSERT INTO `wm_product_tag` VALUES ('6', '限时抢购', '1', '2020-03-27 14:51:17', null, '6');

-- ----------------------------
-- Table structure for wm_product_type
-- ----------------------------
DROP TABLE IF EXISTS `wm_product_type`;
CREATE TABLE `wm_product_type` (
  `ID` int(11) NOT NULL AUTO_INCREMENT,
  `Name` varchar(50) NOT NULL,
  `DataStatus` tinyint(4) NOT NULL DEFAULT '1',
  `CreateTime` datetime NOT NULL,
  `ModifyTime` datetime DEFAULT NULL,
  `Sort` int(11) NOT NULL DEFAULT '0',
  PRIMARY KEY (`ID`)
) ENGINE=InnoDB AUTO_INCREMENT=3 DEFAULT CHARSET=utf8;

-- ----------------------------
-- Records of wm_product_type
-- ----------------------------
INSERT INTO `wm_product_type` VALUES ('1', '母婴产品', '1', '2020-03-27 14:43:00', null, '1');
INSERT INTO `wm_product_type` VALUES ('2', '减肥代餐', '1', '2020-03-27 14:43:14', null, '2');

-- ----------------------------
-- Table structure for wm_user
-- ----------------------------
DROP TABLE IF EXISTS `wm_user`;
CREATE TABLE `wm_user` (
  `UID` varchar(38) CHARACTER SET utf8 COLLATE utf8_general_ci NOT NULL,
  `Name` varchar(20) DEFAULT NULL,
  `WeChatAppID` varchar(30) CHARACTER SET utf8 COLLATE utf8_general_ci DEFAULT NULL COMMENT '微信appID',
  `BirthDate` datetime DEFAULT NULL,
  `HeadImg` varchar(200) CHARACTER SET utf8 COLLATE utf8_general_ci DEFAULT NULL,
  `Mobile` varchar(255) CHARACTER SET utf8 COLLATE utf8_general_ci NOT NULL COMMENT '手机号',
  `Pwd` varchar(40) CHARACTER SET utf8 COLLATE utf8_general_ci NOT NULL DEFAULT '' COMMENT '密码',
  `Email` varchar(200) CHARACTER SET utf8 COLLATE utf8_general_ci DEFAULT NULL COMMENT '邮箱',
  `Nickname` varchar(20) CHARACTER SET utf8 COLLATE utf8_general_ci DEFAULT NULL COMMENT '昵称',
  `CreateTime` datetime NOT NULL DEFAULT CURRENT_TIMESTAMP,
  `ModifyTime` datetime DEFAULT NULL,
  `DataStatus` tinyint(4) NOT NULL,
  PRIMARY KEY (`UID`)
) ENGINE=InnoDB DEFAULT CHARSET=utf8;

-- ----------------------------
-- Records of wm_user
-- ----------------------------
INSERT INTO `wm_user` VALUES ('cce47e28-345f-4287-8a97-8194b066ae59', '', '', '2020-03-24 09:05:27', 'test111', '13242047155', 'qpe1L1xkRX60/1tCZWZxnA==', '354063818@qq.com', '', '2020-03-24 16:47:07', null, '1');

-- ----------------------------
-- Table structure for wm_user_shopping_address
-- ----------------------------
DROP TABLE IF EXISTS `wm_user_shopping_address`;
CREATE TABLE `wm_user_shopping_address` (
  `ID` int(11) NOT NULL,
  `UID` varchar(38) NOT NULL,
  `Receiver_Name` varchar(30) CHARACTER SET utf8 COLLATE utf8_general_ci NOT NULL COMMENT '联系人分名称',
  `Receiver_Phone` varchar(200) CHARACTER SET utf8 COLLATE utf8_general_ci NOT NULL COMMENT '联系人电话',
  `Receiver_Address` varchar(200) CHARACTER SET utf8 COLLATE utf8_general_ci NOT NULL COMMENT '联系人详细地址',
  `Isdef` bit(1) NOT NULL DEFAULT b'0' COMMENT '默认',
  `ProvinceID` int(11) NOT NULL COMMENT '省',
  `CityID` int(11) NOT NULL COMMENT '市',
  `DistrictID` int(11) NOT NULL COMMENT '区',
  `DataStatus` tinyint(4) NOT NULL DEFAULT '1',
  `CreateTime` datetime NOT NULL,
  `ModifyTime` datetime DEFAULT NULL COMMENT '修改时间',
  PRIMARY KEY (`ID`)
) ENGINE=InnoDB DEFAULT CHARSET=utf8;

-- ----------------------------
-- Records of wm_user_shopping_address
-- ----------------------------
INSERT INTO `wm_user_shopping_address` VALUES ('0', 'cce47e28-345f-4287-8a97-8194b066ae59', 'Xmq', '13242041111', '地址地址', '', '18', '187', '0', '1', '2020-03-27 13:51:25', null);
